,Unnamed: 0,word,sentiment,lexicon,score,part
0,1,abba,positive,nrc,,NN
1,2,ability,positive,nrc,,NN
2,3,abovementioned,positive,nrc,,VBN
3,4,absolute,positive,nrc,,NN
4,5,absolution,positive,nrc,,NN
5,6,absorbed,positive,nrc,,NNS
6,7,abundance,positive,nrc,,NN
7,8,abundant,positive,nrc,,NN
8,9,academic,positive,nrc,,JJ
9,10,academy,positive,nrc,,NN
10,11,acceptable,positive,nrc,,JJ
11,12,acceptance,positive,nrc,,NN
12,13,accessible,positive,nrc,,JJ
13,14,accolade,positive,nrc,,NN
14,15,accommodation,positive,nrc,,NN
15,16,accompaniment,positive,nrc,,NN
16,17,accomplish,positive,nrc,,NN
17,18,accomplished,positive,nrc,,VBN
18,19,accomplishment,positive,nrc,,NN
19,20,accord,positive,nrc,,NN
20,21,accountability,positive,nrc,,NN
21,22,accountable,positive,nrc,,JJ
22,23,accredited,positive,nrc,,VBN
23,24,accueil,positive,nrc,,NN
24,25,accurate,positive,nrc,,NN
25,26,ace,positive,nrc,,NN
26,27,achieve,positive,nrc,,NN
27,28,achievement,positive,nrc,,NN
28,29,acknowledgment,positive,nrc,,NN
29,30,acquire,positive,nrc,,VB
30,31,acquiring,positive,nrc,,VBG
31,32,acrobat,positive,nrc,,NN
32,33,action,positive,nrc,,NN
33,34,actual,positive,nrc,,JJ
34,35,acuity,positive,nrc,,NN
35,36,acumen,positive,nrc,,NNS
36,37,adapt,positive,nrc,,NN
37,38,adaptable,positive,nrc,,JJ
38,39,addresses,positive,nrc,,NNS
39,40,adept,positive,nrc,,NN
40,41,adequacy,positive,nrc,,NN
41,42,adjunct,positive,nrc,,NN
42,43,admirable,positive,nrc,,JJ
43,44,admiral,positive,nrc,,JJ
44,45,admiration,positive,nrc,,NN
45,46,admire,positive,nrc,,NN
46,47,admirer,positive,nrc,,NN
47,48,admissible,positive,nrc,,JJ
48,49,adorable,positive,nrc,,JJ
49,50,adoration,positive,nrc,,NN
50,51,adore,positive,nrc,,NN
51,52,advance,positive,nrc,,NN
52,53,advanced,positive,nrc,,JJ
53,54,advancement,positive,nrc,,NN
54,55,advantage,positive,nrc,,NN
55,56,advantageous,positive,nrc,,JJ
56,57,advent,positive,nrc,,NN
57,58,adventure,positive,nrc,,NN
58,59,adventurous,positive,nrc,,JJ
59,60,advisable,positive,nrc,,JJ
60,61,advise,positive,nrc,,NN
61,62,adviser,positive,nrc,,NN
62,63,advocacy,positive,nrc,,NN
63,64,aesthetic,positive,nrc,,JJ
64,65,aesthetics,positive,nrc,,NNS
65,66,affable,positive,nrc,,JJ
66,67,affection,positive,nrc,,NN
67,68,affiliated,positive,nrc,,VBN
68,69,affirm,positive,nrc,,NN
69,70,affirmation,positive,nrc,,NN
70,71,affirmative,positive,nrc,,JJ
71,72,affirmatively,positive,nrc,,RB
72,73,affluence,positive,nrc,,NN
73,74,affluent,positive,nrc,,NN
74,75,afford,positive,nrc,,NN
75,76,aga,positive,nrc,,NN
76,77,agile,positive,nrc,,NN
77,78,agility,positive,nrc,,NN
78,79,agree,positive,nrc,,NN
79,80,agreeable,positive,nrc,,JJ
80,81,agreed,positive,nrc,,VBD
81,82,agreeing,positive,nrc,,VBG
82,83,agreement,positive,nrc,,NN
83,84,agriculture,positive,nrc,,NN
84,85,ahead,positive,nrc,,RB
85,86,aid,positive,nrc,,NN
86,87,aiding,positive,nrc,,VBG
87,88,alabaster,positive,nrc,,NN
88,89,alertness,positive,nrc,,NN
89,90,alimentation,positive,nrc,,NN
90,91,alive,positive,nrc,,JJ
91,92,allay,positive,nrc,,NN
92,93,allegiance,positive,nrc,,NN
93,94,allegro,positive,nrc,,NN
94,95,alleviate,positive,nrc,,NN
95,96,alleviation,positive,nrc,,NN
96,97,allied,positive,nrc,,JJ
97,98,allowable,positive,nrc,,JJ
98,99,allure,positive,nrc,,NN
99,100,alluring,positive,nrc,,VBG
100,101,ally,positive,nrc,,RB
101,102,almighty,positive,nrc,,NN
102,103,aloha,positive,nrc,,NN
103,104,amazingly,positive,nrc,,RB
104,105,ambassador,positive,nrc,,NN
105,106,ambition,positive,nrc,,NN
106,107,ameliorate,positive,nrc,,NN
107,108,amen,positive,nrc,,NNS
108,109,amenable,positive,nrc,,JJ
109,110,amend,positive,nrc,,NN
110,111,amends,positive,nrc,,NNS
111,112,amenity,positive,nrc,,NN
112,113,amiable,positive,nrc,,JJ
113,114,amicable,positive,nrc,,JJ
114,115,amnesty,positive,nrc,,NN
115,116,amour,positive,nrc,,NN
116,117,amuse,positive,nrc,,NN
117,118,amused,positive,nrc,,VBN
118,119,amusement,positive,nrc,,NN
119,120,amusing,positive,nrc,,VBG
120,121,analyst,positive,nrc,,NN
121,122,anchor,positive,nrc,,NN
122,123,anchorage,positive,nrc,,NN
123,124,angel,positive,nrc,,NN
124,125,angelic,positive,nrc,,NN
125,126,animate,positive,nrc,,NN
126,127,animated,positive,nrc,,VBN
127,128,antibiotics,positive,nrc,,NNS
128,129,antidote,positive,nrc,,NN
129,130,antifungal,positive,nrc,,NN
130,131,antique,positive,nrc,,NN
131,132,antiseptic,positive,nrc,,JJ
132,133,aplomb,positive,nrc,,NN
133,134,apologetic,positive,nrc,,JJ
134,135,apologize,positive,nrc,,VB
135,136,apology,positive,nrc,,NN
136,137,apostle,positive,nrc,,NN
137,138,applause,positive,nrc,,NN
138,139,appreciation,positive,nrc,,NN
139,140,approbation,positive,nrc,,NN
140,141,approval,positive,nrc,,NN
141,142,approve,positive,nrc,,VB
142,143,approving,positive,nrc,,VBG
143,144,apt,positive,nrc,,NN
144,145,aptitude,positive,nrc,,NN
145,146,archaeology,positive,nrc,,NN
146,147,ardent,positive,nrc,,NN
147,148,ardor,positive,nrc,,NN
148,149,aristocracy,positive,nrc,,NN
149,150,aristocratic,positive,nrc,,JJ
150,151,armed,positive,nrc,,VBN
151,152,armor,positive,nrc,,NN
152,153,aroma,positive,nrc,,NN
153,154,arouse,positive,nrc,,NN
154,155,array,positive,nrc,,NN
155,156,art,positive,nrc,,NN
156,157,articulate,positive,nrc,,NN
157,158,articulation,positive,nrc,,NN
158,159,artisan,positive,nrc,,NN
159,160,artiste,positive,nrc,,NN
160,161,artistic,positive,nrc,,JJ
161,162,ascendancy,positive,nrc,,NN
162,163,ascent,positive,nrc,,NN
163,164,aspiration,positive,nrc,,NN
164,165,aspire,positive,nrc,,NN
165,166,aspiring,positive,nrc,,VBG
166,167,assembly,positive,nrc,,RB
167,168,assent,positive,nrc,,NN
168,169,asserting,positive,nrc,,VBG
169,170,assets,positive,nrc,,NNS
170,171,assist,positive,nrc,,NN
171,172,assistance,positive,nrc,,NN
172,173,associate,positive,nrc,,NN
173,174,assuage,positive,nrc,,NN
174,175,assurance,positive,nrc,,NN
175,176,assured,positive,nrc,,VBN
176,177,astonishingly,positive,nrc,,RB
177,178,astonishment,positive,nrc,,NN
178,179,astrologer,positive,nrc,,NN
179,180,astronaut,positive,nrc,,NN
180,181,astronomer,positive,nrc,,NN
181,182,astute,positive,nrc,,NN
182,183,athlete,positive,nrc,,NN
183,184,athletic,positive,nrc,,JJ
184,185,atom,positive,nrc,,NN
185,186,atone,positive,nrc,,NN
186,187,atonement,positive,nrc,,NN
187,188,attachment,positive,nrc,,NN
188,189,attainable,positive,nrc,,JJ
189,190,attainment,positive,nrc,,NN
190,191,attendant,positive,nrc,,NN
191,192,attention,positive,nrc,,NN
192,193,attentive,positive,nrc,,JJ
193,194,attest,positive,nrc,,NN
194,195,attorney,positive,nrc,,NN
195,196,attraction,positive,nrc,,NN
196,197,attractiveness,positive,nrc,,NN
197,198,augment,positive,nrc,,NN
198,199,august,positive,nrc,,NN
199,200,aunt,positive,nrc,,NN
200,201,aura,positive,nrc,,NN
201,202,auspicious,positive,nrc,,JJ
202,203,authentic,positive,nrc,,JJ
203,204,authenticity,positive,nrc,,NN
204,205,author,positive,nrc,,NN
205,206,authoritative,positive,nrc,,JJ
206,207,authority,positive,nrc,,NN
207,208,authorization,positive,nrc,,NN
208,209,authorized,positive,nrc,,VBN
209,210,avatar,positive,nrc,,NN
210,211,award,positive,nrc,,NN
211,212,ay,positive,nrc,,NN
212,213,aye,positive,nrc,,NN
213,214,baby,positive,nrc,,NN
214,215,baccalaureate,positive,nrc,,NN
215,216,backbone,positive,nrc,,NN
216,217,balance,positive,nrc,,NN
217,218,balanced,positive,nrc,,VBN
218,219,ballad,positive,nrc,,NN
219,220,ballet,positive,nrc,,NN
220,221,ballot,positive,nrc,,NN
221,222,balm,positive,nrc,,NN
222,223,balsam,positive,nrc,,NN
223,224,banquet,positive,nrc,,NN
224,225,baptism,positive,nrc,,NN
225,226,baptismal,positive,nrc,,NN
226,227,bard,positive,nrc,,NN
227,228,bargain,positive,nrc,,NN
228,229,basketball,positive,nrc,,NN
229,230,bastion,positive,nrc,,NN
230,231,bath,positive,nrc,,NN
231,232,beam,positive,nrc,,NN
232,233,beaming,positive,nrc,,VBG
233,234,beautification,positive,nrc,,NN
234,235,beautiful,positive,nrc,,NN
235,236,beautify,positive,nrc,,NN
236,237,beauty,positive,nrc,,NN
237,238,bedrock,positive,nrc,,NN
238,239,beer,positive,nrc,,NN
239,240,befitting,positive,nrc,,VBG
240,241,befriend,positive,nrc,,NN
241,242,believing,positive,nrc,,VBG
242,243,benefactor,positive,nrc,,NN
243,244,beneficial,positive,nrc,,JJ
244,245,benefit,positive,nrc,,NN
245,246,benevolence,positive,nrc,,NN
246,247,benign,positive,nrc,,NN
247,248,berth,positive,nrc,,NN
248,249,betrothed,positive,nrc,,VBN
249,250,betterment,positive,nrc,,NN
250,251,beverage,positive,nrc,,NN
251,252,biblical,positive,nrc,,JJ
252,253,bilingual,positive,nrc,,JJ
253,254,birth,positive,nrc,,NN
254,255,birthday,positive,nrc,,NN
255,256,blameless,positive,nrc,,NN
256,257,bless,positive,nrc,,NN
257,258,blessed,positive,nrc,,VBN
258,259,blessing,positive,nrc,,NN
259,260,blessings,positive,nrc,,NNS
260,261,bliss,positive,nrc,,NN
261,262,blissful,positive,nrc,,NN
262,263,bloodless,positive,nrc,,NN
263,264,bloom,positive,nrc,,NN
264,265,blossom,positive,nrc,,NN
265,266,boast,positive,nrc,,NN
266,267,bodyguard,positive,nrc,,NN
267,268,boisterous,positive,nrc,,JJ
268,269,bold,positive,nrc,,NN
269,270,boldness,positive,nrc,,NN
270,271,bolster,positive,nrc,,NN
271,272,bonanza,positive,nrc,,NN
272,273,bonne,positive,nrc,,NN
273,274,bonus,positive,nrc,,NN
274,275,bookish,positive,nrc,,NN
275,276,bookshop,positive,nrc,,NN
276,277,bookworm,positive,nrc,,NN
277,278,boon,positive,nrc,,NN
278,279,bountiful,positive,nrc,,NN
279,280,bounty,positive,nrc,,NN
280,281,bouquet,positive,nrc,,NN
281,282,brains,positive,nrc,,NNS
282,283,bravery,positive,nrc,,NN
283,284,breakfast,positive,nrc,,NN
284,285,bridal,positive,nrc,,NN
285,286,bride,positive,nrc,,NN
286,287,bridegroom,positive,nrc,,NN
287,288,bridesmaid,positive,nrc,,NN
288,289,brighten,positive,nrc,,NN
289,290,brightness,positive,nrc,,NN
290,291,brilliant,positive,nrc,,NN
291,292,brocade,positive,nrc,,NN
292,293,brother,positive,nrc,,NN
293,294,brotherhood,positive,nrc,,NN
294,295,brotherly,positive,nrc,,RB
295,296,buck,positive,nrc,,NN
296,297,buddy,positive,nrc,,NN
297,298,build,positive,nrc,,NN
298,299,building,positive,nrc,,NN
299,300,bulldog,positive,nrc,,NN
300,301,bulletproof,positive,nrc,,NN
301,302,buoy,positive,nrc,,NN
302,303,buss,positive,nrc,,NN
303,304,butler,positive,nrc,,NN
304,305,buttery,positive,nrc,,NN
305,306,buxom,positive,nrc,,NN
306,307,buzz,positive,nrc,,NN
307,308,cab,positive,nrc,,NN
308,309,cabinet,positive,nrc,,NN
309,310,cafe,positive,nrc,,NN
310,311,calculator,positive,nrc,,NN
311,312,calf,positive,nrc,,NN
312,313,calm,positive,nrc,,NN
313,314,canary,positive,nrc,,NN
314,315,candid,positive,nrc,,NN
315,316,candidate,positive,nrc,,NN
316,317,candied,positive,nrc,,VBN
317,318,capitalist,positive,nrc,,NN
318,319,captain,positive,nrc,,NN
319,320,captivate,positive,nrc,,NN
320,321,captivating,positive,nrc,,VBG
321,322,career,positive,nrc,,NN
322,323,careful,positive,nrc,,NN
323,324,carefully,positive,nrc,,RB
324,325,caress,positive,nrc,,NN
325,326,caretaker,positive,nrc,,NN
326,327,carol,positive,nrc,,NN
327,328,cascade,positive,nrc,,NN
328,329,cash,positive,nrc,,NN
329,330,categorical,positive,nrc,,JJ
330,331,cater,positive,nrc,,NN
331,332,cathartic,positive,nrc,,JJ
332,333,cathedral,positive,nrc,,JJ
333,334,cautious,positive,nrc,,JJ
334,335,cautiously,positive,nrc,,RB
335,336,celebrated,positive,nrc,,VBN
336,337,celebrating,positive,nrc,,VBG
337,338,celebration,positive,nrc,,NN
338,339,celebrity,positive,nrc,,NN
339,340,celestial,positive,nrc,,NN
340,341,center,positive,nrc,,NN
341,342,centurion,positive,nrc,,NN
342,343,cerebral,positive,nrc,,JJ
343,344,ceremony,positive,nrc,,NN
344,345,certainty,positive,nrc,,NN
345,346,chairman,positive,nrc,,NN
346,347,chairwoman,positive,nrc,,NN
347,348,champion,positive,nrc,,NN
348,349,chant,positive,nrc,,NN
349,350,charger,positive,nrc,,NN
350,351,charitable,positive,nrc,,JJ
351,352,charity,positive,nrc,,NN
352,353,charm,positive,nrc,,NN
353,354,charmed,positive,nrc,,VBN
354,355,charming,positive,nrc,,VBG
355,356,chastity,positive,nrc,,NN
356,357,chattering,positive,nrc,,VBG
357,358,checklist,positive,nrc,,NN
358,359,cheer,positive,nrc,,NN
359,360,cheerful,positive,nrc,,NN
360,361,cheerfulness,positive,nrc,,NN
361,362,cheering,positive,nrc,,VBG
362,363,cheery,positive,nrc,,NN
363,364,chemist,positive,nrc,,NN
364,365,cherish,positive,nrc,,NN
365,366,cherry,positive,nrc,,NN
366,367,chieftain,positive,nrc,,NN
367,368,child,positive,nrc,,NN
368,369,childhood,positive,nrc,,NN
369,370,chirp,positive,nrc,,NN
370,371,chisel,positive,nrc,,NN
371,372,chivalry,positive,nrc,,NN
372,373,chocolate,positive,nrc,,NN
373,374,choice,positive,nrc,,NN
374,375,choir,positive,nrc,,NN
375,376,choral,positive,nrc,,JJ
376,377,chorus,positive,nrc,,NN
377,378,chosen,positive,nrc,,NN
378,379,chowder,positive,nrc,,NN
379,380,chronicle,positive,nrc,,NN
380,381,chuckle,positive,nrc,,NN
381,382,church,positive,nrc,,NN
382,383,cider,positive,nrc,,NN
383,384,circumcision,positive,nrc,,NN
384,385,circumvention,positive,nrc,,NN
385,386,citizen,positive,nrc,,NN
386,387,civil,positive,nrc,,JJ
387,388,civility,positive,nrc,,NN
388,389,civilization,positive,nrc,,NN
389,390,civilized,positive,nrc,,VBN
390,391,clairvoyant,positive,nrc,,NN
391,392,clap,positive,nrc,,NN
392,393,clarify,positive,nrc,,NN
393,394,classic,positive,nrc,,JJ
394,395,classical,positive,nrc,,JJ
395,396,classics,positive,nrc,,NNS
396,397,classify,positive,nrc,,NN
397,398,clean,positive,nrc,,NN
398,399,cleaning,positive,nrc,,NN
399,400,cleanliness,positive,nrc,,NN
400,401,cleanly,positive,nrc,,RB
401,402,cleanse,positive,nrc,,NN
402,403,cleansing,positive,nrc,,VBG
403,404,clearance,positive,nrc,,NN
404,405,clearness,positive,nrc,,NN
405,406,clerical,positive,nrc,,NN
406,407,clever,positive,nrc,,NN
407,408,cleverness,positive,nrc,,NN
408,409,climax,positive,nrc,,NN
409,410,closeness,positive,nrc,,NN
410,411,closure,positive,nrc,,NN
411,412,clothe,positive,nrc,,NN
412,413,clown,positive,nrc,,NN
413,414,coalition,positive,nrc,,NN
414,415,coast,positive,nrc,,NN
415,416,coexist,positive,nrc,,NN
416,417,cogent,positive,nrc,,NN
417,418,cognitive,positive,nrc,,NN
418,419,coherence,positive,nrc,,NN
419,420,coherent,positive,nrc,,NN
420,421,cohesive,positive,nrc,,NN
421,422,collectively,positive,nrc,,RB
422,423,colonel,positive,nrc,,NN
423,424,colossal,positive,nrc,,NN
424,425,comfort,positive,nrc,,NN
425,426,commandant,positive,nrc,,NN
426,427,commanding,positive,nrc,,VBG
427,428,commemorate,positive,nrc,,NN
428,429,commemoration,positive,nrc,,NN
429,430,commemorative,positive,nrc,,NN
430,431,commend,positive,nrc,,NN
431,432,commendable,positive,nrc,,JJ
432,433,commentator,positive,nrc,,NN
433,434,committed,positive,nrc,,VBN
434,435,commodore,positive,nrc,,NN
435,436,commonwealth,positive,nrc,,NN
436,437,communicate,positive,nrc,,NN
437,438,communicative,positive,nrc,,NN
438,439,communion,positive,nrc,,NN
439,440,community,positive,nrc,,NN
440,441,commutation,positive,nrc,,NN
441,442,commute,positive,nrc,,NN
442,443,companion,positive,nrc,,NN
443,444,compassion,positive,nrc,,NN
444,445,compassionate,positive,nrc,,NN
445,446,compatibility,positive,nrc,,NN
446,447,compatible,positive,nrc,,JJ
447,448,compelling,positive,nrc,,NN
448,449,compensate,positive,nrc,,NN
449,450,compensatory,positive,nrc,,NN
450,451,competence,positive,nrc,,NN
451,452,competency,positive,nrc,,NN
452,453,competent,positive,nrc,,NN
453,454,complacency,positive,nrc,,NN
454,455,complement,positive,nrc,,NN
455,456,complementary,positive,nrc,,NN
456,457,completely,positive,nrc,,RB
457,458,completeness,positive,nrc,,NN
458,459,completing,positive,nrc,,VBG
459,460,completion,positive,nrc,,NN
460,461,compliance,positive,nrc,,NN
461,462,compliant,positive,nrc,,NN
462,463,complicity,positive,nrc,,NN
463,464,compliment,positive,nrc,,NN
464,465,composed,positive,nrc,,VBN
465,466,composer,positive,nrc,,NN
466,467,composure,positive,nrc,,NN
467,468,comprehend,positive,nrc,,NN
468,469,comprehensive,positive,nrc,,NN
469,470,comrade,positive,nrc,,NN
470,471,concentric,positive,nrc,,NN
471,472,conciliation,positive,nrc,,NN
472,473,concluding,positive,nrc,,VBG
473,474,concord,positive,nrc,,NN
474,475,concordance,positive,nrc,,NN
475,476,condolence,positive,nrc,,NN
476,477,condone,positive,nrc,,NN
477,478,conducive,positive,nrc,,NN
478,479,conductivity,positive,nrc,,NN
479,480,confederate,positive,nrc,,NN
480,481,confess,positive,nrc,,NN
481,482,confidence,positive,nrc,,NN
482,483,confident,positive,nrc,,NN
483,484,confirmed,positive,nrc,,VBN
484,485,conformance,positive,nrc,,NN
485,486,congenial,positive,nrc,,NN
486,487,congratulatory,positive,nrc,,NN
487,488,congregation,positive,nrc,,NN
488,489,congruence,positive,nrc,,NN
489,490,connoisseur,positive,nrc,,NN
490,491,conscience,positive,nrc,,NN
491,492,conscientious,positive,nrc,,JJ
492,493,consciousness,positive,nrc,,NN
493,494,consecration,positive,nrc,,NN
494,495,conservation,positive,nrc,,NN
495,496,conserve,positive,nrc,,NN
496,497,considerable,positive,nrc,,JJ
497,498,considerate,positive,nrc,,NN
498,499,consistency,positive,nrc,,NN
499,500,console,positive,nrc,,NN
500,501,consonant,positive,nrc,,NN
501,502,constancy,positive,nrc,,NN
502,503,constant,positive,nrc,,JJ
503,504,constitutional,positive,nrc,,JJ
504,505,construct,positive,nrc,,NN
505,506,consummate,positive,nrc,,NN
506,507,contact,positive,nrc,,NN
507,508,contemplation,positive,nrc,,NN
508,509,content,positive,nrc,,NN
509,510,continue,positive,nrc,,NN
510,511,contour,positive,nrc,,NN
511,512,contribute,positive,nrc,,NN
512,513,contributor,positive,nrc,,NN
513,514,convenience,positive,nrc,,NN
514,515,convenient,positive,nrc,,NN
515,516,convent,positive,nrc,,NN
516,517,convention,positive,nrc,,NN
517,518,conversant,positive,nrc,,NN
518,519,conversational,positive,nrc,,NN
519,520,convert,positive,nrc,,NN
520,521,convince,positive,nrc,,NN
521,522,cool,positive,nrc,,NN
522,523,coolness,positive,nrc,,NN
523,524,cooperate,positive,nrc,,NN
524,525,cooperating,positive,nrc,,VBG
525,526,cooperation,positive,nrc,,NN
526,527,cooperative,positive,nrc,,NN
527,528,core,positive,nrc,,NN
528,529,coronation,positive,nrc,,NN
529,530,corporation,positive,nrc,,NN
530,531,corporeal,positive,nrc,,NN
531,532,corrective,positive,nrc,,NN
532,533,correspondence,positive,nrc,,NN
533,534,corroborate,positive,nrc,,NN
534,535,cosmopolitan,positive,nrc,,NN
535,536,cosy,positive,nrc,,NN
536,537,council,positive,nrc,,NN
537,538,counsel,positive,nrc,,NN
538,539,counselor,positive,nrc,,NN
539,540,count,positive,nrc,,NN
540,541,countess,positive,nrc,,NN
541,542,courage,positive,nrc,,NN
542,543,courageous,positive,nrc,,JJ
543,544,courteous,positive,nrc,,JJ
544,545,courtesy,positive,nrc,,NN
545,546,courtship,positive,nrc,,NN
546,547,cove,positive,nrc,,NN
547,548,covenant,positive,nrc,,NN
548,549,cradle,positive,nrc,,NN
549,550,craft,positive,nrc,,NN
550,551,craftsman,positive,nrc,,NN
551,552,cream,positive,nrc,,NN
552,553,create,positive,nrc,,NN
553,554,creative,positive,nrc,,JJ
554,555,credence,positive,nrc,,NN
555,556,credential,positive,nrc,,NN
556,557,credibility,positive,nrc,,NN
557,558,credible,positive,nrc,,JJ
558,559,credit,positive,nrc,,NN
559,560,creditable,positive,nrc,,JJ
560,561,credited,positive,nrc,,VBN
561,562,crescendo,positive,nrc,,NN
562,563,critique,positive,nrc,,NN
563,564,crowning,positive,nrc,,VBG
564,565,crucial,positive,nrc,,JJ
565,566,crystal,positive,nrc,,NN
566,567,cuddle,positive,nrc,,NN
567,568,culinary,positive,nrc,,NN
568,569,culmination,positive,nrc,,NN
569,570,cultivate,positive,nrc,,NN
570,571,cultivated,positive,nrc,,VBN
571,572,cultivation,positive,nrc,,NN
572,573,culture,positive,nrc,,NN
573,574,cunning,positive,nrc,,VBG
574,575,curable,positive,nrc,,JJ
575,576,curiosity,positive,nrc,,NN
576,577,curl,positive,nrc,,NN
577,578,cushion,positive,nrc,,NN
578,579,customer,positive,nrc,,NN
579,580,cute,positive,nrc,,NN
580,581,cutters,positive,nrc,,NNS
581,582,dame,positive,nrc,,NN
582,583,dance,positive,nrc,,NN
583,584,daring,positive,nrc,,VBG
584,585,darling,positive,nrc,,VBG
585,586,dashing,positive,nrc,,VBG
586,587,daughter,positive,nrc,,NN
587,588,dawn,positive,nrc,,NN
588,589,deal,positive,nrc,,NN
589,590,dear,positive,nrc,,NN
590,591,debate,positive,nrc,,NN
591,592,decency,positive,nrc,,NN
592,593,decent,positive,nrc,,NN
593,594,declaratory,positive,nrc,,NN
594,595,dedication,positive,nrc,,NN
595,596,defend,positive,nrc,,NN
596,597,defended,positive,nrc,,VBN
597,598,defender,positive,nrc,,NN
598,599,defending,positive,nrc,,VBG
599,600,defense,positive,nrc,,NN
600,601,deference,positive,nrc,,NN
601,602,definitive,positive,nrc,,JJ
602,603,degree,positive,nrc,,NN
603,604,delectable,positive,nrc,,JJ
604,605,delegate,positive,nrc,,NN
605,606,deliberate,positive,nrc,,NN
606,607,delicious,positive,nrc,,JJ
607,608,delight,positive,nrc,,NN
608,609,delighted,positive,nrc,,JJ
609,610,delightful,positive,nrc,,NN
610,611,deliverance,positive,nrc,,NN
611,612,delivery,positive,nrc,,NN
612,613,democracy,positive,nrc,,NN
613,614,demonstrable,positive,nrc,,JJ
614,615,demonstrative,positive,nrc,,NN
615,616,dependent,positive,nrc,,NN
616,617,depth,positive,nrc,,NN
617,618,descriptive,positive,nrc,,NN
618,619,deserve,positive,nrc,,NN
619,620,deserved,positive,nrc,,VBN
620,621,designer,positive,nrc,,NN
621,622,desirable,positive,nrc,,JJ
622,623,desiring,positive,nrc,,VBG
623,624,desirous,positive,nrc,,JJ
624,625,destination,positive,nrc,,NN
625,626,detect,positive,nrc,,NN
626,627,detection,positive,nrc,,NN
627,628,determination,positive,nrc,,NN
628,629,determined,positive,nrc,,VBN
629,630,develop,positive,nrc,,VB
630,631,devotional,positive,nrc,,NN
631,632,devout,positive,nrc,,NN
632,633,dexterity,positive,nrc,,NN
633,634,diamond,positive,nrc,,NN
634,635,diary,positive,nrc,,JJ
635,636,dictionary,positive,nrc,,JJ
636,637,didactic,positive,nrc,,JJ
637,638,dietary,positive,nrc,,JJ
638,639,dignified,positive,nrc,,VBN
639,640,dignity,positive,nrc,,NN
640,641,diligence,positive,nrc,,NN
641,642,dinner,positive,nrc,,NN
642,643,diplomacy,positive,nrc,,NN
643,644,diplomatic,positive,nrc,,JJ
644,645,director,positive,nrc,,NN
645,646,discovery,positive,nrc,,NN
646,647,discreet,positive,nrc,,NN
647,648,discretion,positive,nrc,,NN
648,649,discretionary,positive,nrc,,JJ
649,650,discussion,positive,nrc,,NN
650,651,disinfection,positive,nrc,,NN
651,652,disposed,positive,nrc,,VBN
652,653,disseminate,positive,nrc,,NN
653,654,distillation,positive,nrc,,NN
654,655,distinction,positive,nrc,,NN
655,656,ditty,positive,nrc,,NN
656,657,diverse,positive,nrc,,NN
657,658,diversified,positive,nrc,,JJ
658,659,diversion,positive,nrc,,NN
659,660,divinity,positive,nrc,,NN
660,661,doctor,positive,nrc,,NN
661,662,doer,positive,nrc,,NN
662,663,dogged,positive,nrc,,VBN
663,664,dolphin,positive,nrc,,NN
664,665,dominate,positive,nrc,,NN
665,666,don,positive,nrc,,NN
666,667,donation,positive,nrc,,NN
667,668,doubtless,positive,nrc,,NN
668,669,dove,positive,nrc,,NN
669,670,downy,positive,nrc,,NN
670,671,duet,positive,nrc,,NN
671,672,duke,positive,nrc,,NN
672,673,durability,positive,nrc,,NN
673,674,durable,positive,nrc,,JJ
674,675,dutiful,positive,nrc,,NN
675,676,eager,positive,nrc,,NN
676,677,eagerness,positive,nrc,,NN
677,678,earl,positive,nrc,,NN
678,679,earn,positive,nrc,,NN
679,680,earnest,positive,nrc,,NN
680,681,earnestly,positive,nrc,,RB
681,682,earnestness,positive,nrc,,NN
682,683,ease,positive,nrc,,NN
683,684,easement,positive,nrc,,NN
684,685,easygoing,positive,nrc,,VBG
685,686,eat,positive,nrc,,NN
686,687,ecstasy,positive,nrc,,NN
687,688,ecstatic,positive,nrc,,JJ
688,689,edification,positive,nrc,,NN
689,690,educate,positive,nrc,,NN
690,691,educated,positive,nrc,,VBN
691,692,educational,positive,nrc,,JJ
692,693,effective,positive,nrc,,JJ
693,694,efficacy,positive,nrc,,NN
694,695,efficiency,positive,nrc,,NN
695,696,efficient,positive,nrc,,NN
696,697,effort,positive,nrc,,NN
697,698,ejaculation,positive,nrc,,NN
698,699,elaboration,positive,nrc,,NN
699,700,elated,positive,nrc,,VBN
700,701,elder,positive,nrc,,NN
701,702,elders,positive,nrc,,NNS
702,703,elect,positive,nrc,,NN
703,704,electric,positive,nrc,,JJ
704,705,electricity,positive,nrc,,NN
705,706,elegance,positive,nrc,,NN
706,707,elegant,positive,nrc,,NN
707,708,elevation,positive,nrc,,NN
708,709,eligible,positive,nrc,,JJ
709,710,elite,positive,nrc,,NN
710,711,eloquence,positive,nrc,,NN
711,712,eloquent,positive,nrc,,NN
712,713,elucidate,positive,nrc,,NN
713,714,emancipation,positive,nrc,,NN
714,715,embrace,positive,nrc,,NN
715,716,emeritus,positive,nrc,,NN
716,717,eminence,positive,nrc,,NN
717,718,eminent,positive,nrc,,NN
718,719,eminently,positive,nrc,,RB
719,720,emir,positive,nrc,,NN
720,721,empathy,positive,nrc,,NN
721,722,empower,positive,nrc,,NN
722,723,emulate,positive,nrc,,NN
723,724,enable,positive,nrc,,JJ
724,725,enablement,positive,nrc,,NN
725,726,enchant,positive,nrc,,NN
726,727,enchanted,positive,nrc,,VBN
727,728,enchanting,positive,nrc,,VBG
728,729,encore,positive,nrc,,NN
729,730,encourage,positive,nrc,,NN
730,731,encouragement,positive,nrc,,NN
731,732,encyclopedia,positive,nrc,,NN
732,733,endeavor,positive,nrc,,NN
733,734,endless,positive,nrc,,NN
734,735,endow,positive,nrc,,NN
735,736,endowed,positive,nrc,,VBN
736,737,endowment,positive,nrc,,NN
737,738,endurance,positive,nrc,,NN
738,739,endure,positive,nrc,,NN
739,740,energetic,positive,nrc,,JJ
740,741,enforce,positive,nrc,,NN
741,742,engaged,positive,nrc,,VBN
742,743,engaging,positive,nrc,,VBG
743,744,enhance,positive,nrc,,NN
744,745,enjoy,positive,nrc,,NN
745,746,enjoying,positive,nrc,,VBG
746,747,enlighten,positive,nrc,,VB
747,748,enlightenment,positive,nrc,,NN
748,749,enliven,positive,nrc,,RB
749,750,enrich,positive,nrc,,NN
750,751,ensemble,positive,nrc,,JJ
751,752,ensign,positive,nrc,,NN
752,753,enterprising,positive,nrc,,VBG
753,754,entertain,positive,nrc,,NN
754,755,entertained,positive,nrc,,VBN
755,756,entertaining,positive,nrc,,VBG
756,757,entertainment,positive,nrc,,NN
757,758,enthusiasm,positive,nrc,,NN
758,759,enthusiast,positive,nrc,,NN
759,760,environ,positive,nrc,,NN
760,761,ephemeris,positive,nrc,,NN
761,762,epic,positive,nrc,,NN
762,763,epitome,positive,nrc,,NN
763,764,equality,positive,nrc,,NN
764,765,equally,positive,nrc,,RB
765,766,equilibrium,positive,nrc,,NN
766,767,equity,positive,nrc,,NN
767,768,erotic,positive,nrc,,JJ
768,769,errand,positive,nrc,,NN
769,770,erudite,positive,nrc,,NN
770,771,escape,positive,nrc,,NN
771,772,esprit,positive,nrc,,NN
772,773,essential,positive,nrc,,JJ
773,774,established,positive,nrc,,VBN
774,775,esteem,positive,nrc,,NN
775,776,esthetic,positive,nrc,,JJ
776,777,ethical,positive,nrc,,JJ
777,778,ethics,positive,nrc,,NNS
778,779,evergreen,positive,nrc,,NN
779,780,everlasting,positive,nrc,,VBG
780,781,evident,positive,nrc,,NN
781,782,evolution,positive,nrc,,NN
782,783,exalt,positive,nrc,,NN
783,784,exaltation,positive,nrc,,NN
784,785,exalted,positive,nrc,,VBN
785,786,exceed,positive,nrc,,NN
786,787,excel,positive,nrc,,NN
787,788,excellence,positive,nrc,,NN
788,789,excellent,positive,nrc,,NN
789,790,exchange,positive,nrc,,NN
790,791,excitable,positive,nrc,,JJ
791,792,excitation,positive,nrc,,NN
792,793,excite,positive,nrc,,NN
793,794,excited,positive,nrc,,VBN
794,795,excitement,positive,nrc,,NN
795,796,exciting,positive,nrc,,VBG
796,797,exemplary,positive,nrc,,JJ
797,798,exemption,positive,nrc,,NN
798,799,exhilaration,positive,nrc,,NN
799,800,exhort,positive,nrc,,NN
800,801,exhortation,positive,nrc,,NN
801,802,existence,positive,nrc,,NN
802,803,exotic,positive,nrc,,JJ
803,804,expect,positive,nrc,,VB
804,805,expectation,positive,nrc,,NN
805,806,expedient,positive,nrc,,NN
806,807,expedition,positive,nrc,,NN
807,808,experienced,positive,nrc,,JJ
808,809,expert,positive,nrc,,NN
809,810,expertise,positive,nrc,,NN
810,811,explain,positive,nrc,,NN
811,812,exquisite,positive,nrc,,NN
812,813,exquisitely,positive,nrc,,RB
813,814,extend,positive,nrc,,NN
814,815,extensive,positive,nrc,,JJ
815,816,extra,positive,nrc,,JJ
816,817,extraordinary,positive,nrc,,JJ
817,818,extricate,positive,nrc,,NN
818,819,exuberance,positive,nrc,,NN
819,820,facilitate,positive,nrc,,NN
820,821,facts,positive,nrc,,NNS
821,822,faculty,positive,nrc,,NN
822,823,fain,positive,nrc,,NN
823,824,fair,positive,nrc,,NN
824,825,fairly,positive,nrc,,RB
825,826,faith,positive,nrc,,NN
826,827,faithful,positive,nrc,,NN
827,828,fame,positive,nrc,,NN
828,829,familiar,positive,nrc,,JJ
829,830,familiarity,positive,nrc,,NN
830,831,famous,positive,nrc,,JJ
831,832,famously,positive,nrc,,RB
832,833,fancy,positive,nrc,,NN
833,834,fanfare,positive,nrc,,NN
834,835,fascinating,positive,nrc,,VBG
835,836,fascination,positive,nrc,,NN
836,837,fashionable,positive,nrc,,JJ
837,838,faultless,positive,nrc,,NN
838,839,favorable,positive,nrc,,JJ
839,840,favorite,positive,nrc,,NN
840,841,favoritism,positive,nrc,,NN
841,842,fearless,positive,nrc,,NN
842,843,feat,positive,nrc,,NN
843,844,feature,positive,nrc,,NN
844,845,feeling,positive,nrc,,VBG
845,846,felicity,positive,nrc,,NN
846,847,fellow,positive,nrc,,NN
847,848,fellowship,positive,nrc,,NN
848,849,female,positive,nrc,,NN
849,850,fertile,positive,nrc,,NN
850,851,fervor,positive,nrc,,NN
851,852,festival,positive,nrc,,NN
852,853,festive,positive,nrc,,JJ
853,854,fete,positive,nrc,,NN
854,855,fidelity,positive,nrc,,NN
855,856,fiesta,positive,nrc,,NN
856,857,finally,positive,nrc,,RB
857,858,finery,positive,nrc,,NN
858,859,finesse,positive,nrc,,NN
859,860,fireball,positive,nrc,,NN
860,861,fireproof,positive,nrc,,NN
861,862,firmness,positive,nrc,,NN
862,863,firstborn,positive,nrc,,NN
863,864,fitting,positive,nrc,,NN
864,865,fixture,positive,nrc,,NN
865,866,flattering,positive,nrc,,VBG
866,867,fleet,positive,nrc,,NN
867,868,flexibility,positive,nrc,,NN
868,869,flirt,positive,nrc,,NN
869,870,floral,positive,nrc,,JJ
870,871,flow,positive,nrc,,NN
871,872,flowery,positive,nrc,,NN
872,873,flush,positive,nrc,,NN
873,874,flying,positive,nrc,,VBG
874,875,focus,positive,nrc,,NN
875,876,fondness,positive,nrc,,NN
876,877,food,positive,nrc,,NN
877,878,football,positive,nrc,,NN
878,879,forbearance,positive,nrc,,NN
879,880,fore,positive,nrc,,NN
880,881,forefathers,positive,nrc,,NNS
881,882,foregoing,positive,nrc,,VBG
882,883,foreman,positive,nrc,,NN
883,884,forerunner,positive,nrc,,NN
884,885,foresee,positive,nrc,,NN
885,886,foreseen,positive,nrc,,NN
886,887,foresight,positive,nrc,,NN
887,888,forge,positive,nrc,,NN
888,889,forgive,positive,nrc,,JJ
889,890,forgiven,positive,nrc,,RB
890,891,forgiving,positive,nrc,,VBG
891,892,formative,positive,nrc,,JJ
892,893,formula,positive,nrc,,NN
893,894,forte,positive,nrc,,NN
894,895,forthcoming,positive,nrc,,VBG
895,896,fortify,positive,nrc,,NN
896,897,fortitude,positive,nrc,,NN
897,898,fortress,positive,nrc,,NN
898,899,fortunate,positive,nrc,,NN
899,900,fortune,positive,nrc,,NN
900,901,forward,positive,nrc,,RB
901,902,found,positive,nrc,,NN
902,903,foundation,positive,nrc,,NN
903,904,fragrant,positive,nrc,,NN
904,905,frank,positive,nrc,,NN
905,906,frankness,positive,nrc,,NN
906,907,fraternal,positive,nrc,,JJ
907,908,freedom,positive,nrc,,NN
908,909,freely,positive,nrc,,RB
909,910,friend,positive,nrc,,NN
910,911,friendliness,positive,nrc,,NN
911,912,friendly,positive,nrc,,RB
912,913,friendship,positive,nrc,,NN
913,914,frisky,positive,nrc,,NN
914,915,frolic,positive,nrc,,NN
915,916,frugal,positive,nrc,,NN
916,917,fruitful,positive,nrc,,NN
917,918,fulfill,positive,nrc,,NN
918,919,fulfillment,positive,nrc,,NN
919,920,full,positive,nrc,,JJ
920,921,fully,positive,nrc,,RB
921,922,fun,positive,nrc,,NN
922,923,fundamental,positive,nrc,,JJ
923,924,fuse,positive,nrc,,NN
924,925,fusion,positive,nrc,,NN
925,926,gain,positive,nrc,,NN
926,927,gaining,positive,nrc,,VBG
927,928,gallant,positive,nrc,,NN
928,929,gallantry,positive,nrc,,NN
929,930,galore,positive,nrc,,NN
930,931,garden,positive,nrc,,NN
931,932,garnet,positive,nrc,,NN
932,933,garrison,positive,nrc,,NN
933,934,gazette,positive,nrc,,NN
934,935,gear,positive,nrc,,NN
935,936,gem,positive,nrc,,NN
936,937,general,positive,nrc,,JJ
937,938,generosity,positive,nrc,,NN
938,939,generous,positive,nrc,,JJ
939,940,genial,positive,nrc,,NN
940,941,genius,positive,nrc,,NN
941,942,genteel,positive,nrc,,NN
942,943,gentleman,positive,nrc,,NN
943,944,gentleness,positive,nrc,,NN
944,945,gentry,positive,nrc,,NN
945,946,genuine,positive,nrc,,NN
946,947,geranium,positive,nrc,,NN
947,948,gift,positive,nrc,,NN
948,949,gifted,positive,nrc,,VBN
949,950,gigantic,positive,nrc,,JJ
950,951,giggle,positive,nrc,,NN
951,952,girder,positive,nrc,,NN
952,953,giving,positive,nrc,,VBG
953,954,glad,positive,nrc,,NN
954,955,gladness,positive,nrc,,NN
955,956,glee,positive,nrc,,NN
956,957,glide,positive,nrc,,NN
957,958,glimmer,positive,nrc,,NN
958,959,glittering,positive,nrc,,VBG
959,960,glorification,positive,nrc,,NN
960,961,glorify,positive,nrc,,NN
961,962,glory,positive,nrc,,NN
962,963,gloss,positive,nrc,,NN
963,964,glow,positive,nrc,,NN
964,965,glowing,positive,nrc,,VBG
965,966,god,positive,nrc,,NN
966,967,godly,positive,nrc,,RB
967,968,godsend,positive,nrc,,NN
968,969,gold,positive,nrc,,NN
969,970,good,positive,nrc,,JJ
970,971,goodly,positive,nrc,,RB
971,972,goodness,positive,nrc,,NN
972,973,goods,positive,nrc,,NNS
973,974,goodwill,positive,nrc,,NN
974,975,gorgeous,positive,nrc,,JJ
975,976,gospel,positive,nrc,,NN
976,977,govern,positive,nrc,,NN
977,978,grace,positive,nrc,,NN
978,979,graceful,positive,nrc,,NN
979,980,gracious,positive,nrc,,JJ
980,981,graciously,positive,nrc,,RB
981,982,graduation,positive,nrc,,NN
982,983,grandchildren,positive,nrc,,NNS
983,984,grandeur,positive,nrc,,NN
984,985,grandmother,positive,nrc,,NN
985,986,grant,positive,nrc,,NN
986,987,granted,positive,nrc,,VBN
987,988,grateful,positive,nrc,,NN
988,989,gratify,positive,nrc,,NN
989,990,gratitude,positive,nrc,,NN
990,991,greater,positive,nrc,,JJR
991,992,greatness,positive,nrc,,NN
992,993,green,positive,nrc,,JJ
993,994,greeting,positive,nrc,,VBG
994,995,gregarious,positive,nrc,,JJ
995,996,grin,positive,nrc,,NN
996,997,grist,positive,nrc,,NN
997,998,grit,positive,nrc,,NN
998,999,groundwork,positive,nrc,,NN
999,1000,grow,positive,nrc,,NN
1000,1001,growth,positive,nrc,,NN
1001,1002,guarantee,positive,nrc,,NN
1002,1003,guard,positive,nrc,,NN
1003,1004,guardian,positive,nrc,,NN
1004,1005,guardianship,positive,nrc,,NN
1005,1006,gubernatorial,positive,nrc,,JJ
1006,1007,guidance,positive,nrc,,NN
1007,1008,guide,positive,nrc,,NN
1008,1009,guidebook,positive,nrc,,NN
1009,1010,guru,positive,nrc,,NN
1010,1011,guts,positive,nrc,,NNS
1011,1012,gymnast,positive,nrc,,NN
1012,1013,habitat,positive,nrc,,NN
1013,1014,hail,positive,nrc,,NN
1014,1015,hale,positive,nrc,,NN
1015,1016,handy,positive,nrc,,NN
1016,1017,happily,positive,nrc,,RB
1017,1018,happiness,positive,nrc,,NN
1018,1019,happy,positive,nrc,,JJ
1019,1020,hardy,positive,nrc,,NN
1020,1021,harmoniously,positive,nrc,,RB
1021,1022,harmony,positive,nrc,,NN
1022,1023,harvest,positive,nrc,,NN
1023,1024,haven,positive,nrc,,NN
1024,1025,headway,positive,nrc,,NN
1025,1026,heal,positive,nrc,,NN
1026,1027,healing,positive,nrc,,VBG
1027,1028,healthful,positive,nrc,,NN
1028,1029,healthy,positive,nrc,,JJ
1029,1030,heartfelt,positive,nrc,,NN
1030,1031,hearth,positive,nrc,,NN
1031,1032,heartily,positive,nrc,,RB
1032,1033,heavenly,positive,nrc,,RB
1033,1034,heavens,positive,nrc,,NNS
1034,1035,hedonism,positive,nrc,,NN
1035,1036,heft,positive,nrc,,NN
1036,1037,helmet,positive,nrc,,NN
1037,1038,helper,positive,nrc,,NN
1038,1039,helpful,positive,nrc,,NN
1039,1040,herbal,positive,nrc,,NN
1040,1041,hero,positive,nrc,,NN
1041,1042,heroic,positive,nrc,,NN
1042,1043,heroics,positive,nrc,,NNS
1043,1044,heroine,positive,nrc,,NN
1044,1045,heroism,positive,nrc,,NN
1045,1046,heyday,positive,nrc,,NN
1046,1047,highest,positive,nrc,,JJS
1047,1048,hilarious,positive,nrc,,JJ
1048,1049,hilarity,positive,nrc,,NN
1049,1050,hire,positive,nrc,,NN
1050,1051,hobby,positive,nrc,,NN
1051,1052,holiday,positive,nrc,,NN
1052,1053,holiness,positive,nrc,,NN
1053,1054,holy,positive,nrc,,NN
1054,1055,homage,positive,nrc,,NN
1055,1056,homology,positive,nrc,,NN
1056,1057,honest,positive,nrc,,NN
1057,1058,honesty,positive,nrc,,NN
1058,1059,honey,positive,nrc,,NN
1059,1060,honeymoon,positive,nrc,,NN
1060,1061,honor,positive,nrc,,NN
1061,1062,honorable,positive,nrc,,JJ
1062,1063,hope,positive,nrc,,NN
1063,1064,hopeful,positive,nrc,,NN
1064,1065,horizon,positive,nrc,,NN
1065,1066,hospitality,positive,nrc,,NN
1066,1067,household,positive,nrc,,NN
1067,1068,housekeeping,positive,nrc,,VBG
1068,1069,hug,positive,nrc,,NN
1069,1070,humane,positive,nrc,,NN
1070,1071,humanitarian,positive,nrc,,JJ
1071,1072,humanity,positive,nrc,,NN
1072,1073,humble,positive,nrc,,JJ
1073,1074,humbled,positive,nrc,,VBN
1074,1075,humbly,positive,nrc,,RB
1075,1076,humility,positive,nrc,,NN
1076,1077,humorist,positive,nrc,,NN
1077,1078,humorous,positive,nrc,,JJ
1078,1079,hurrah,positive,nrc,,NN
1079,1080,husbandry,positive,nrc,,NN
1080,1081,hush,positive,nrc,,NN
1081,1082,hut,positive,nrc,,NN
1082,1083,hygienic,positive,nrc,,NN
1083,1084,hymn,positive,nrc,,NN
1084,1085,idealism,positive,nrc,,NN
1085,1086,idol,positive,nrc,,NN
1086,1087,illuminate,positive,nrc,,NN
1087,1088,illumination,positive,nrc,,NN
1088,1089,illustrate,positive,nrc,,NN
1089,1090,illustrious,positive,nrc,,JJ
1090,1091,imaginative,positive,nrc,,JJ
1091,1092,immaculate,positive,nrc,,NN
1092,1093,immediately,positive,nrc,,RB
1093,1094,immense,positive,nrc,,NN
1094,1095,immerse,positive,nrc,,NN
1095,1096,immortal,positive,nrc,,NN
1096,1097,immovable,positive,nrc,,JJ
1097,1098,impart,positive,nrc,,NN
1098,1099,impartial,positive,nrc,,JJ
1099,1100,impartiality,positive,nrc,,NN
1100,1101,impeccable,positive,nrc,,JJ
1101,1102,impervious,positive,nrc,,JJ
1102,1103,importance,positive,nrc,,NN
1103,1104,important,positive,nrc,,JJ
1104,1105,impress,positive,nrc,,NN
1105,1106,impression,positive,nrc,,NN
1106,1107,improve,positive,nrc,,VB
1107,1108,improved,positive,nrc,,VBN
1108,1109,improvement,positive,nrc,,NN
1109,1110,improving,positive,nrc,,VBG
1110,1111,improvise,positive,nrc,,NN
1111,1112,inalienable,positive,nrc,,JJ
1112,1113,inauguration,positive,nrc,,NN
1113,1114,incisive,positive,nrc,,JJ
1114,1115,include,positive,nrc,,NN
1115,1116,included,positive,nrc,,VBD
1116,1117,including,positive,nrc,,VBG
1117,1118,inclusive,positive,nrc,,JJ
1118,1119,income,positive,nrc,,NN
1119,1120,increase,positive,nrc,,NN
1120,1121,indelible,positive,nrc,,JJ
1121,1122,indemnity,positive,nrc,,NN
1122,1123,independence,positive,nrc,,NN
1123,1124,indestructible,positive,nrc,,JJ
1124,1125,individuality,positive,nrc,,NN
1125,1126,indomitable,positive,nrc,,JJ
1126,1127,ineffable,positive,nrc,,JJ
1127,1128,inexpensive,positive,nrc,,JJ
1128,1129,infallible,positive,nrc,,JJ
1129,1130,infant,positive,nrc,,NN
1130,1131,infiltration,positive,nrc,,NN
1131,1132,infinite,positive,nrc,,NN
1132,1133,infinity,positive,nrc,,NN
1133,1134,influence,positive,nrc,,NN
1134,1135,influential,positive,nrc,,JJ
1135,1136,information,positive,nrc,,NN
1136,1137,ingenious,positive,nrc,,JJ
1137,1138,inheritance,positive,nrc,,NN
1138,1139,inimitable,positive,nrc,,JJ
1139,1140,innocence,positive,nrc,,NN
1140,1141,innocent,positive,nrc,,NN
1141,1142,innocently,positive,nrc,,RB
1142,1143,innocuous,positive,nrc,,JJ
1143,1144,innovate,positive,nrc,,NN
1144,1145,innovation,positive,nrc,,NN
1145,1146,inquirer,positive,nrc,,NN
1146,1147,inquiry,positive,nrc,,NN
1147,1148,inquisitive,positive,nrc,,JJ
1148,1149,inseparable,positive,nrc,,JJ
1149,1150,insignia,positive,nrc,,NN
1150,1151,inspector,positive,nrc,,NN
1151,1152,inspiration,positive,nrc,,NN
1152,1153,inspire,positive,nrc,,NN
1153,1154,inspired,positive,nrc,,VBN
1154,1155,instinctive,positive,nrc,,JJ
1155,1156,instruct,positive,nrc,,NN
1156,1157,instruction,positive,nrc,,NN
1157,1158,instructor,positive,nrc,,NN
1158,1159,instrumental,positive,nrc,,JJ
1159,1160,insure,positive,nrc,,NN
1160,1161,intact,positive,nrc,,JJ
1161,1162,integrity,positive,nrc,,NN
1162,1163,intellect,positive,nrc,,NN
1163,1164,intellectual,positive,nrc,,JJ
1164,1165,intelligence,positive,nrc,,NN
1165,1166,intelligent,positive,nrc,,NN
1166,1167,intended,positive,nrc,,VBN
1167,1168,intense,positive,nrc,,NN
1168,1169,intercourse,positive,nrc,,NN
1169,1170,interest,positive,nrc,,NN
1170,1171,interested,positive,nrc,,JJ
1171,1172,interesting,positive,nrc,,VBG
1172,1173,interior,positive,nrc,,NN
1173,1174,interlocutory,positive,nrc,,NN
1174,1175,interlude,positive,nrc,,NN
1175,1176,interminable,positive,nrc,,JJ
1176,1177,intervention,positive,nrc,,NN
1177,1178,intimate,positive,nrc,,NN
1178,1179,intonation,positive,nrc,,NN
1179,1180,intrepid,positive,nrc,,NN
1180,1181,intuition,positive,nrc,,NN
1181,1182,intuitive,positive,nrc,,JJ
1182,1183,invariably,positive,nrc,,RB
1183,1184,inventive,positive,nrc,,JJ
1184,1185,inventor,positive,nrc,,NN
1185,1186,investigate,positive,nrc,,NN
1186,1187,invigorate,positive,nrc,,NN
1187,1188,invitation,positive,nrc,,NN
1188,1189,invite,positive,nrc,,NN
1189,1190,inviting,positive,nrc,,VBG
1190,1191,iron,positive,nrc,,NN
1191,1192,irreducible,positive,nrc,,JJ
1192,1193,irrefutable,positive,nrc,,JJ
1193,1194,jackpot,positive,nrc,,NN
1194,1195,jam,positive,nrc,,NN
1195,1196,jest,positive,nrc,,NN
1196,1197,job,positive,nrc,,NN
1197,1198,join,positive,nrc,,NN
1198,1199,joined,positive,nrc,,VBD
1199,1200,joker,positive,nrc,,NN
1200,1201,joking,positive,nrc,,NN
1201,1202,journalist,positive,nrc,,NN
1202,1203,journey,positive,nrc,,NN
1203,1204,jovial,positive,nrc,,NN
1204,1205,joy,positive,nrc,,NN
1205,1206,joyful,positive,nrc,,NN
1206,1207,joyous,positive,nrc,,JJ
1207,1208,jubilant,positive,nrc,,NN
1208,1209,jubilee,positive,nrc,,NN
1209,1210,judicial,positive,nrc,,NN
1210,1211,judicious,positive,nrc,,JJ
1211,1212,jump,positive,nrc,,NN
1212,1213,justice,positive,nrc,,NN
1213,1214,justifiable,positive,nrc,,JJ
1214,1215,justification,positive,nrc,,NN
1215,1216,keepsake,positive,nrc,,VB
1216,1217,ken,positive,nrc,,VB
1217,1218,keynote,positive,nrc,,NN
1218,1219,keystone,positive,nrc,,NN
1219,1220,kind,positive,nrc,,NN
1220,1221,kindness,positive,nrc,,NN
1221,1222,kindred,positive,nrc,,VBN
1222,1223,king,positive,nrc,,NN
1223,1224,kiss,positive,nrc,,NN
1224,1225,kitten,positive,nrc,,VB
1225,1226,knack,positive,nrc,,NN
1226,1227,knight,positive,nrc,,NN
1227,1228,knowing,positive,nrc,,VBG
1228,1229,knowledge,positive,nrc,,NN
1229,1230,kudos,positive,nrc,,NN
1230,1231,labor,positive,nrc,,NN
1231,1232,lace,positive,nrc,,NN
1232,1233,lamb,positive,nrc,,NN
1233,1234,land,positive,nrc,,NN
1234,1235,landed,positive,nrc,,VBD
1235,1236,laser,positive,nrc,,NN
1236,1237,laudable,positive,nrc,,JJ
1237,1238,laugh,positive,nrc,,NN
1238,1239,laughing,positive,nrc,,VBG
1239,1240,laughter,positive,nrc,,NN
1240,1241,launch,positive,nrc,,NN
1241,1242,laureate,positive,nrc,,NN
1242,1243,laurel,positive,nrc,,NN
1243,1244,laurels,positive,nrc,,NNS
1244,1245,lavish,positive,nrc,,JJ
1245,1246,lawful,positive,nrc,,JJ
1246,1247,lead,positive,nrc,,NN
1247,1248,leader,positive,nrc,,NN
1248,1249,league,positive,nrc,,NN
1249,1250,learn,positive,nrc,,NN
1250,1251,learning,positive,nrc,,VBG
1251,1252,lecturer,positive,nrc,,NN
1252,1253,leeway,positive,nrc,,NN
1253,1254,legal,positive,nrc,,JJ
1254,1255,legalized,positive,nrc,,VBN
1255,1256,legendary,positive,nrc,,JJ
1256,1257,legibility,positive,nrc,,NN
1257,1258,legible,positive,nrc,,JJ
1258,1259,leisure,positive,nrc,,NN
1259,1260,leisurely,positive,nrc,,RB
1260,1261,lemma,positive,nrc,,NN
1261,1262,lenient,positive,nrc,,NN
1262,1263,lesson,positive,nrc,,NN
1263,1264,lettered,positive,nrc,,VBN
1264,1265,level,positive,nrc,,NN
1265,1266,leverage,positive,nrc,,NN
1266,1267,liberal,positive,nrc,,JJ
1267,1268,liberate,positive,nrc,,NN
1268,1269,liberation,positive,nrc,,NN
1269,1270,liberty,positive,nrc,,NN
1270,1271,library,positive,nrc,,NN
1271,1272,lifeblood,positive,nrc,,NN
1272,1273,lighthouse,positive,nrc,,NN
1273,1274,liking,positive,nrc,,VBG
1274,1275,linguist,positive,nrc,,NN
1275,1276,lion,positive,nrc,,NN
1276,1277,lithe,positive,nrc,,NN
1277,1278,logical,positive,nrc,,JJ
1278,1279,longevity,positive,nrc,,NN
1279,1280,lord,positive,nrc,,NN
1280,1281,lordship,positive,nrc,,NN
1281,1282,lovable,positive,nrc,,JJ
1282,1283,love,positive,nrc,,NN
1283,1284,lovely,positive,nrc,,RB
1284,1285,lovemaking,positive,nrc,,VBG
1285,1286,lover,positive,nrc,,NN
1286,1287,loving,positive,nrc,,VBG
1287,1288,loyal,positive,nrc,,NN
1288,1289,loyalty,positive,nrc,,NN
1289,1290,luck,positive,nrc,,NN
1290,1291,lucky,positive,nrc,,JJ
1291,1292,luscious,positive,nrc,,JJ
1292,1293,luster,positive,nrc,,NN
1293,1294,lustrous,positive,nrc,,JJ
1294,1295,luxuriant,positive,nrc,,NN
1295,1296,luxurious,positive,nrc,,JJ
1296,1297,luxury,positive,nrc,,NN
1297,1298,lyre,positive,nrc,,NN
1298,1299,lyrical,positive,nrc,,JJ
1299,1300,magical,positive,nrc,,JJ
1300,1301,magnet,positive,nrc,,NN
1301,1302,magnetism,positive,nrc,,NN
1302,1303,magnetite,positive,nrc,,NN
1303,1304,magnificence,positive,nrc,,NN
1304,1305,magnificent,positive,nrc,,NN
1305,1306,maiden,positive,nrc,,NN
1306,1307,main,positive,nrc,,JJ
1307,1308,mainstay,positive,nrc,,NN
1308,1309,majestic,positive,nrc,,JJ
1309,1310,majesty,positive,nrc,,NN
1310,1311,major,positive,nrc,,JJ
1311,1312,majority,positive,nrc,,NN
1312,1313,manage,positive,nrc,,NN
1313,1314,management,positive,nrc,,NN
1314,1315,mandarin,positive,nrc,,NN
1315,1316,manhood,positive,nrc,,NN
1316,1317,manifested,positive,nrc,,VBN
1317,1318,manly,positive,nrc,,RB
1318,1319,manna,positive,nrc,,NN
1319,1320,mannered,positive,nrc,,VBN
1320,1321,manners,positive,nrc,,NNS
1321,1322,manufacturer,positive,nrc,,NN
1322,1323,march,positive,nrc,,NN
1323,1324,marked,positive,nrc,,NNS
1324,1325,marketable,positive,nrc,,JJ
1325,1326,marquis,positive,nrc,,NN
1326,1327,marriage,positive,nrc,,NN
1327,1328,marrow,positive,nrc,,NN
1328,1329,marry,positive,nrc,,NN
1329,1330,marshal,positive,nrc,,NN
1330,1331,marvel,positive,nrc,,NN
1331,1332,marvelous,positive,nrc,,JJ
1332,1333,marvelously,positive,nrc,,RB
1333,1334,masculine,positive,nrc,,NN
1334,1335,massage,positive,nrc,,NN
1335,1336,master,positive,nrc,,NN
1336,1337,masterpiece,positive,nrc,,NN
1337,1338,mastery,positive,nrc,,NN
1338,1339,mate,positive,nrc,,NN
1339,1340,maternal,positive,nrc,,NN
1340,1341,matrimony,positive,nrc,,NN
1341,1342,matron,positive,nrc,,NN
1342,1343,maximum,positive,nrc,,NN
1343,1344,mayor,positive,nrc,,NN
1344,1345,meadow,positive,nrc,,NN
1345,1346,measured,positive,nrc,,VBN
1346,1347,medal,positive,nrc,,NN
1347,1348,mediate,positive,nrc,,NN
1348,1349,mediation,positive,nrc,,NN
1349,1350,mediator,positive,nrc,,NN
1350,1351,medical,positive,nrc,,JJ
1351,1352,meditate,positive,nrc,,NN
1352,1353,mediterranean,positive,nrc,,NN
1353,1354,medley,positive,nrc,,NN
1354,1355,memento,positive,nrc,,NN
1355,1356,memorable,positive,nrc,,JJ
1356,1357,mending,positive,nrc,,VBG
1357,1358,menses,positive,nrc,,NNS
1358,1359,mentor,positive,nrc,,NN
1359,1360,merciful,positive,nrc,,NN
1360,1361,mercy,positive,nrc,,NN
1361,1362,merge,positive,nrc,,NN
1362,1363,merit,positive,nrc,,NN
1363,1364,meritorious,positive,nrc,,JJ
1364,1365,merriment,positive,nrc,,NN
1365,1366,merry,positive,nrc,,NN
1366,1367,metropolitan,positive,nrc,,NN
1367,1368,mettle,positive,nrc,,NN
1368,1369,microscopy,positive,nrc,,NN
1369,1370,midwife,positive,nrc,,NN
1370,1371,midwifery,positive,nrc,,NN
1371,1372,mighty,positive,nrc,,NN
1372,1373,mime,positive,nrc,,NN
1373,1374,mindful,positive,nrc,,NN
1374,1375,mindfulness,positive,nrc,,NN
1375,1376,ministry,positive,nrc,,NN
1376,1377,miracle,positive,nrc,,NN
1377,1378,miraculous,positive,nrc,,JJ
1378,1379,mirth,positive,nrc,,NN
1379,1380,missionary,positive,nrc,,JJ
1380,1381,model,positive,nrc,,NN
1381,1382,moderate,positive,nrc,,NN
1382,1383,moderator,positive,nrc,,NN
1383,1384,modest,positive,nrc,,JJ
1384,1385,modesty,positive,nrc,,NN
1385,1386,momentum,positive,nrc,,NN
1386,1387,monetary,positive,nrc,,JJ
1387,1388,money,positive,nrc,,NN
1388,1389,monk,positive,nrc,,NN
1389,1390,monument,positive,nrc,,NN
1390,1391,moral,positive,nrc,,JJ
1391,1392,morality,positive,nrc,,NN
1392,1393,morals,positive,nrc,,NNS
1393,1394,mortar,positive,nrc,,NN
1394,1395,mother,positive,nrc,,NN
1395,1396,motherhood,positive,nrc,,NN
1396,1397,motive,positive,nrc,,NN
1397,1398,movable,positive,nrc,,JJ
1398,1399,mover,positive,nrc,,NN
1399,1400,mug,positive,nrc,,NN
1400,1401,muscular,positive,nrc,,NN
1401,1402,music,positive,nrc,,NN
1402,1403,musical,positive,nrc,,JJ
1403,1404,mutable,positive,nrc,,JJ
1404,1405,mutual,positive,nrc,,JJ
1405,1406,nap,positive,nrc,,NN
1406,1407,naturalist,positive,nrc,,NN
1407,1408,navigable,positive,nrc,,JJ
1408,1409,neatly,positive,nrc,,RB
1409,1410,nectar,positive,nrc,,NN
1410,1411,needle,positive,nrc,,NN
1411,1412,negotiate,positive,nrc,,NN
1412,1413,negotiator,positive,nrc,,NN
1413,1414,neighbor,positive,nrc,,NN
1414,1415,nerve,positive,nrc,,NN
1415,1416,nestle,positive,nrc,,RB
1416,1417,nobility,positive,nrc,,NN
1417,1418,noble,positive,nrc,,JJ
1418,1419,nobleman,positive,nrc,,NN
1419,1420,nomination,positive,nrc,,NN
1420,1421,normality,positive,nrc,,NN
1421,1422,notable,positive,nrc,,JJ
1422,1423,notables,positive,nrc,,NNS
1423,1424,noted,positive,nrc,,VBN
1424,1425,notion,positive,nrc,,NN
1425,1426,notoriety,positive,nrc,,NN
1426,1427,nourishment,positive,nrc,,NN
1427,1428,numbers,positive,nrc,,NNS
1428,1429,nurse,positive,nrc,,NN
1429,1430,nursery,positive,nrc,,NN
1430,1431,nurture,positive,nrc,,NN
1431,1432,nutritious,positive,nrc,,JJ
1432,1433,oak,positive,nrc,,NN
1433,1434,oasis,positive,nrc,,NN
1434,1435,oath,positive,nrc,,NN
1435,1436,obedience,positive,nrc,,NN
1436,1437,objective,positive,nrc,,NN
1437,1438,obliging,positive,nrc,,VBG
1438,1439,observant,positive,nrc,,NN
1439,1440,obtainable,positive,nrc,,JJ
1440,1441,obvious,positive,nrc,,JJ
1441,1442,occupant,positive,nrc,,NN
1442,1443,occupation,positive,nrc,,NN
1443,1444,occupy,positive,nrc,,NN
1444,1445,offer,positive,nrc,,NN
1445,1446,officer,positive,nrc,,NN
1446,1447,offset,positive,nrc,,NN
1447,1448,offshoot,positive,nrc,,NN
1448,1449,omnipotence,positive,nrc,,NN
1449,1450,omniscient,positive,nrc,,NN
1450,1451,openness,positive,nrc,,NN
1451,1452,opera,positive,nrc,,NN
1452,1453,opportune,positive,nrc,,NN
1453,1454,opportunity,positive,nrc,,NN
1454,1455,optimism,positive,nrc,,NN
1455,1456,optimist,positive,nrc,,NN
1456,1457,option,positive,nrc,,NN
1457,1458,optional,positive,nrc,,JJ
1458,1459,oracle,positive,nrc,,NN
1459,1460,oration,positive,nrc,,NN
1460,1461,orchestra,positive,nrc,,NN
1461,1462,ordained,positive,nrc,,VBN
1462,1463,orderly,positive,nrc,,RB
1463,1464,ordination,positive,nrc,,NN
1464,1465,organic,positive,nrc,,JJ
1465,1466,organization,positive,nrc,,NN
1466,1467,organize,positive,nrc,,VB
1467,1468,organized,positive,nrc,,VBN
1468,1469,orgasm,positive,nrc,,NN
1469,1470,originality,positive,nrc,,NN
1470,1471,ornamented,positive,nrc,,VBN
1471,1472,ornate,positive,nrc,,NN
1472,1473,outburst,positive,nrc,,RB
1473,1474,outcome,positive,nrc,,NN
1474,1475,outdo,positive,nrc,,NN
1475,1476,outstanding,positive,nrc,,JJ
1476,1477,outward,positive,nrc,,NN
1477,1478,overjoyed,positive,nrc,,NNS
1478,1479,overwhelming,positive,nrc,,VBG
1479,1480,ownership,positive,nrc,,NN
1480,1481,pacific,positive,nrc,,NN
1481,1482,pad,positive,nrc,,NN
1482,1483,padding,positive,nrc,,VBG
1483,1484,paddle,positive,nrc,,NN
1484,1485,palatable,positive,nrc,,JJ
1485,1486,palliative,positive,nrc,,NN
1486,1487,panacea,positive,nrc,,NN
1487,1488,panache,positive,nrc,,NN
1488,1489,panier,positive,nrc,,NN
1489,1490,paprika,positive,nrc,,NN
1490,1491,parade,positive,nrc,,NN
1491,1492,paragon,positive,nrc,,NN
1492,1493,paramount,positive,nrc,,NN
1493,1494,paraphrase,positive,nrc,,NN
1494,1495,pardon,positive,nrc,,NN
1495,1496,parentage,positive,nrc,,NN
1496,1497,parietal,positive,nrc,,NN
1497,1498,partake,positive,nrc,,NN
1498,1499,participation,positive,nrc,,NN
1499,1500,partner,positive,nrc,,NN
1500,1501,partnership,positive,nrc,,NN
1501,1502,passion,positive,nrc,,NN
1502,1503,passionate,positive,nrc,,NN
1503,1504,pastime,positive,nrc,,NN
1504,1505,pastor,positive,nrc,,NN
1505,1506,pastry,positive,nrc,,NN
1506,1507,pasture,positive,nrc,,NN
1507,1508,patent,positive,nrc,,NN
1508,1509,patience,positive,nrc,,NN
1509,1510,patient,positive,nrc,,NN
1510,1511,patriarchal,positive,nrc,,NN
1511,1512,patron,positive,nrc,,NN
1512,1513,patronage,positive,nrc,,NN
1513,1514,pay,positive,nrc,,NN
1514,1515,peace,positive,nrc,,NN
1515,1516,peaceable,positive,nrc,,JJ
1516,1517,peaceful,positive,nrc,,NN
1517,1518,peacock,positive,nrc,,NN
1518,1519,peck,positive,nrc,,NN
1519,1520,peculiarity,positive,nrc,,NN
1520,1521,pedigree,positive,nrc,,NN
1521,1522,peerless,positive,nrc,,NN
1522,1523,penchant,positive,nrc,,NN
1523,1524,perceive,positive,nrc,,NN
1524,1525,perceptible,positive,nrc,,JJ
1525,1526,perennial,positive,nrc,,NN
1526,1527,perfect,positive,nrc,,NN
1527,1528,perfection,positive,nrc,,NN
1528,1529,performer,positive,nrc,,NN
1529,1530,perk,positive,nrc,,NN
1530,1531,permission,positive,nrc,,NN
1531,1532,perpetuity,positive,nrc,,NN
1532,1533,persistence,positive,nrc,,NN
1533,1534,persistent,positive,nrc,,NN
1534,1535,personable,positive,nrc,,JJ
1535,1536,pertinent,positive,nrc,,NN
1536,1537,petroleum,positive,nrc,,NN
1537,1538,pharmaceutical,positive,nrc,,JJ
1538,1539,philanthropist,positive,nrc,,NN
1539,1540,philanthropy,positive,nrc,,NN
1540,1541,philosopher,positive,nrc,,NN
1541,1542,phoenix,positive,nrc,,NN
1542,1543,phonetic,positive,nrc,,JJ
1543,1544,physician,positive,nrc,,NN
1544,1545,physics,positive,nrc,,NNS
1545,1546,physiology,positive,nrc,,NN
1546,1547,physique,positive,nrc,,NN
1547,1548,pick,positive,nrc,,NN
1548,1549,picnic,positive,nrc,,NN
1549,1550,picturesque,positive,nrc,,NN
1550,1551,piety,positive,nrc,,NN
1551,1552,pill,positive,nrc,,NN
1552,1553,pillow,positive,nrc,,NN
1553,1554,pilot,positive,nrc,,NN
1554,1555,pinnacle,positive,nrc,,NN
1555,1556,pioneer,positive,nrc,,NN
1556,1557,pious,positive,nrc,,JJ
1557,1558,pith,positive,nrc,,NN
1558,1559,pivot,positive,nrc,,NN
1559,1560,placid,positive,nrc,,NN
1560,1561,planning,positive,nrc,,NN
1561,1562,playful,positive,nrc,,NN
1562,1563,playground,positive,nrc,,NN
1563,1564,playhouse,positive,nrc,,NN
1564,1565,pleasant,positive,nrc,,NN
1565,1566,pleased,positive,nrc,,JJ
1566,1567,pleasurable,positive,nrc,,JJ
1567,1568,pledge,positive,nrc,,NN
1568,1569,plenary,positive,nrc,,JJ
1569,1570,plentiful,positive,nrc,,NN
1570,1571,plexus,positive,nrc,,NN
1571,1572,plum,positive,nrc,,NN
1572,1573,plumb,positive,nrc,,NN
1573,1574,plush,positive,nrc,,NN
1574,1575,ply,positive,nrc,,NN
1575,1576,pointedly,positive,nrc,,RB
1576,1577,police,positive,nrc,,NNS
1577,1578,policeman,positive,nrc,,NN
1578,1579,polish,positive,nrc,,JJ
1579,1580,polished,positive,nrc,,NNS
1580,1581,polite,positive,nrc,,NN
1581,1582,politeness,positive,nrc,,NN
1582,1583,politic,positive,nrc,,JJ
1583,1584,pool,positive,nrc,,NN
1584,1585,pope,positive,nrc,,NN
1585,1586,popularity,positive,nrc,,NN
1586,1587,popularized,positive,nrc,,VBN
1587,1588,population,positive,nrc,,NN
1588,1589,portable,positive,nrc,,JJ
1589,1590,possess,positive,nrc,,NN
1590,1591,potable,positive,nrc,,JJ
1591,1592,potency,positive,nrc,,NN
1592,1593,powerful,positive,nrc,,JJ
1593,1594,powerfully,positive,nrc,,RB
1594,1595,practice,positive,nrc,,NN
1595,1596,practiced,positive,nrc,,VBN
1596,1597,practise,positive,nrc,,NN
1597,1598,praise,positive,nrc,,NN
1598,1599,praised,positive,nrc,,VBN
1599,1600,praiseworthy,positive,nrc,,NN
1600,1601,pray,positive,nrc,,NN
1601,1602,precaution,positive,nrc,,NN
1602,1603,precede,positive,nrc,,NN
1603,1604,precedence,positive,nrc,,NN
1604,1605,precious,positive,nrc,,JJ
1605,1606,precise,positive,nrc,,NN
1606,1607,precision,positive,nrc,,NN
1607,1608,predilection,positive,nrc,,NN
1608,1609,predominant,positive,nrc,,NN
1609,1610,preeminent,positive,nrc,,NN
1610,1611,prefer,positive,nrc,,NN
1611,1612,premier,positive,nrc,,NN
1612,1613,premises,positive,nrc,,NNS
1613,1614,prepare,positive,nrc,,NN
1614,1615,prepared,positive,nrc,,JJ
1615,1616,prescient,positive,nrc,,NN
1616,1617,presence,positive,nrc,,NN
1617,1618,present,positive,nrc,,NN
1618,1619,presentable,positive,nrc,,JJ
1619,1620,presentment,positive,nrc,,NN
1620,1621,preservative,positive,nrc,,NN
1621,1622,preserve,positive,nrc,,NN
1622,1623,president,positive,nrc,,NN
1623,1624,prestige,positive,nrc,,NN
1624,1625,presto,positive,nrc,,NN
1625,1626,pretty,positive,nrc,,RB
1626,1627,prevail,positive,nrc,,NN
1627,1628,prevention,positive,nrc,,NN
1628,1629,priceless,positive,nrc,,NN
1629,1630,pride,positive,nrc,,NN
1630,1631,priest,positive,nrc,,NN
1631,1632,priesthood,positive,nrc,,NN
1632,1633,priestly,positive,nrc,,RB
1633,1634,primacy,positive,nrc,,NN
1634,1635,primary,positive,nrc,,NN
1635,1636,prime,positive,nrc,,NN
1636,1637,primer,positive,nrc,,NN
1637,1638,prince,positive,nrc,,NN
1638,1639,princely,positive,nrc,,RB
1639,1640,princess,positive,nrc,,NN
1640,1641,principal,positive,nrc,,NN
1641,1642,pristine,positive,nrc,,NN
1642,1643,privileged,positive,nrc,,NN
1643,1644,probity,positive,nrc,,NN
1644,1645,procedure,positive,nrc,,NN
1645,1646,procession,positive,nrc,,NN
1646,1647,proctor,positive,nrc,,NN
1647,1648,procure,positive,nrc,,NN
1648,1649,prodigal,positive,nrc,,NN
1649,1650,prodigious,positive,nrc,,JJ
1650,1651,prodigy,positive,nrc,,NN
1651,1652,producer,positive,nrc,,NN
1652,1653,producing,positive,nrc,,VBG
1653,1654,production,positive,nrc,,NN
1654,1655,productive,positive,nrc,,JJ
1655,1656,productivity,positive,nrc,,NN
1656,1657,profession,positive,nrc,,NN
1657,1658,professional,positive,nrc,,JJ
1658,1659,professor,positive,nrc,,NN
1659,1660,proficiency,positive,nrc,,NN
1660,1661,proficient,positive,nrc,,NN
1661,1662,profuse,positive,nrc,,NN
1662,1663,progress,positive,nrc,,NN
1663,1664,progression,positive,nrc,,NN
1664,1665,progressive,positive,nrc,,NN
1665,1666,prolific,positive,nrc,,NN
1666,1667,prominence,positive,nrc,,NN
1667,1668,prominently,positive,nrc,,RB
1668,1669,promise,positive,nrc,,NN
1669,1670,promising,positive,nrc,,NN
1670,1671,promotion,positive,nrc,,NN
1671,1672,prop,positive,nrc,,NN
1672,1673,proper,positive,nrc,,NN
1673,1674,prophet,positive,nrc,,NN
1674,1675,prophylactic,positive,nrc,,JJ
1675,1676,proposition,positive,nrc,,NN
1676,1677,prospect,positive,nrc,,NN
1677,1678,prosper,positive,nrc,,NN
1678,1679,prosperity,positive,nrc,,NN
1679,1680,prosperous,positive,nrc,,JJ
1680,1681,protect,positive,nrc,,NN
1681,1682,protecting,positive,nrc,,VBG
1682,1683,protective,positive,nrc,,NN
1683,1684,protector,positive,nrc,,NN
1684,1685,proud,positive,nrc,,NN
1685,1686,prove,positive,nrc,,NN
1686,1687,proverbial,positive,nrc,,NN
1687,1688,provide,positive,nrc,,NN
1688,1689,providing,positive,nrc,,VBG
1689,1690,prudence,positive,nrc,,NN
1690,1691,prudent,positive,nrc,,NN
1691,1692,psalm,positive,nrc,,NN
1692,1693,public,positive,nrc,,NN
1693,1694,pull,positive,nrc,,NN
1694,1695,pulpit,positive,nrc,,NN
1695,1696,punctual,positive,nrc,,JJ
1696,1697,punctuality,positive,nrc,,NN
1697,1698,puppy,positive,nrc,,JJ
1698,1699,purely,positive,nrc,,RB
1699,1700,purification,positive,nrc,,NN
1700,1701,purify,positive,nrc,,NN
1701,1702,purist,positive,nrc,,NN
1702,1703,purity,positive,nrc,,NN
1703,1704,purr,positive,nrc,,NN
1704,1705,quaint,positive,nrc,,NN
1705,1706,qualified,positive,nrc,,VBN
1706,1707,qualifying,positive,nrc,,VBG
1707,1708,quest,positive,nrc,,NN
1708,1709,question,positive,nrc,,NN
1709,1710,quickness,positive,nrc,,NN
1710,1711,quiescent,positive,nrc,,NN
1711,1712,quiet,positive,nrc,,JJ
1712,1713,quinine,positive,nrc,,NN
1713,1714,quote,positive,nrc,,NN
1714,1715,radiance,positive,nrc,,NN
1715,1716,radiant,positive,nrc,,NN
1716,1717,radiate,positive,nrc,,NN
1717,1718,radio,positive,nrc,,NN
1718,1719,rapt,positive,nrc,,NN
1719,1720,rapture,positive,nrc,,NN
1720,1721,rational,positive,nrc,,JJ
1721,1722,rave,positive,nrc,,VB
1722,1723,reader,positive,nrc,,NN
1723,1724,readily,positive,nrc,,RB
1724,1725,readiness,positive,nrc,,NN
1725,1726,reading,positive,nrc,,NN
1726,1727,reaffirm,positive,nrc,,NN
1727,1728,real,positive,nrc,,JJ
1728,1729,reason,positive,nrc,,NN
1729,1730,reassurance,positive,nrc,,NN
1730,1731,reassure,positive,nrc,,NN
1731,1732,rebate,positive,nrc,,NN
1732,1733,recast,positive,nrc,,NN
1733,1734,received,positive,nrc,,VBN
1734,1735,receiving,positive,nrc,,VBG
1735,1736,recherche,positive,nrc,,NN
1736,1737,reciprocate,positive,nrc,,NN
1737,1738,reclamation,positive,nrc,,NN
1738,1739,recline,positive,nrc,,NN
1739,1740,recognizable,positive,nrc,,JJ
1740,1741,recommend,positive,nrc,,NN
1741,1742,reconciliation,positive,nrc,,NN
1742,1743,reconsideration,positive,nrc,,NN
1743,1744,reconstruct,positive,nrc,,NN
1744,1745,reconstruction,positive,nrc,,NN
1745,1746,recorder,positive,nrc,,NN
1746,1747,recoup,positive,nrc,,NN
1747,1748,recovery,positive,nrc,,NN
1748,1749,recreation,positive,nrc,,NN
1749,1750,recreational,positive,nrc,,JJ
1750,1751,rectify,positive,nrc,,VB
1751,1752,redemption,positive,nrc,,NN
1752,1753,redress,positive,nrc,,NN
1753,1754,refine,positive,nrc,,NN
1754,1755,refinement,positive,nrc,,NN
1755,1756,reform,positive,nrc,,NN
1756,1757,reformation,positive,nrc,,NN
1757,1758,reformer,positive,nrc,,NN
1758,1759,refreshing,positive,nrc,,VBG
1759,1760,refurbish,positive,nrc,,NN
1760,1761,regal,positive,nrc,,NN
1761,1762,regent,positive,nrc,,NN
1762,1763,regressive,positive,nrc,,NN
1763,1764,regularity,positive,nrc,,NN
1764,1765,regulate,positive,nrc,,NN
1765,1766,rehabilitate,positive,nrc,,NN
1766,1767,rehabilitation,positive,nrc,,NN
1767,1768,reimburse,positive,nrc,,NN
1768,1769,reimbursement,positive,nrc,,NN
1769,1770,reinforcement,positive,nrc,,NN
1770,1771,reinstate,positive,nrc,,NN
1771,1772,rejoice,positive,nrc,,NN
1772,1773,rejoicing,positive,nrc,,VBG
1773,1774,rejuvenate,positive,nrc,,NN
1774,1775,rejuvenated,positive,nrc,,VBN
1775,1776,rekindle,positive,nrc,,NN
1776,1777,relaxation,positive,nrc,,NN
1777,1778,relevant,positive,nrc,,NN
1778,1779,reliability,positive,nrc,,NN
1779,1780,reliable,positive,nrc,,JJ
1780,1781,reliance,positive,nrc,,NN
1781,1782,relief,positive,nrc,,NN
1782,1783,relieving,positive,nrc,,VBG
1783,1784,remains,positive,nrc,,NNS
1784,1785,remake,positive,nrc,,NN
1785,1786,remarkable,positive,nrc,,JJ
1786,1787,remarkably,positive,nrc,,RB
1787,1788,remedy,positive,nrc,,NN
1788,1789,remission,positive,nrc,,NN
1789,1790,remodel,positive,nrc,,NN
1790,1791,renaissance,positive,nrc,,NN
1791,1792,render,positive,nrc,,NN
1792,1793,renewal,positive,nrc,,NN
1793,1794,renovate,positive,nrc,,NN
1794,1795,renovation,positive,nrc,,NN
1795,1796,renown,positive,nrc,,NN
1796,1797,renowned,positive,nrc,,VBN
1797,1798,reorganize,positive,nrc,,VB
1798,1799,reparation,positive,nrc,,NN
1799,1800,repay,positive,nrc,,NN
1800,1801,repent,positive,nrc,,NN
1801,1802,replenish,positive,nrc,,NN
1802,1803,replete,positive,nrc,,NN
1803,1804,reporter,positive,nrc,,NN
1804,1805,repose,positive,nrc,,VB
1805,1806,represented,positive,nrc,,VBN
1806,1807,reproductive,positive,nrc,,NN
1807,1808,reputable,positive,nrc,,JJ
1808,1809,rescue,positive,nrc,,NN
1809,1810,reserve,positive,nrc,,NN
1810,1811,resident,positive,nrc,,NN
1811,1812,resilient,positive,nrc,,NN
1812,1813,resistive,positive,nrc,,NN
1813,1814,resolutely,positive,nrc,,RB
1814,1815,resources,positive,nrc,,NNS
1815,1816,respect,positive,nrc,,NN
1816,1817,respectability,positive,nrc,,NN
1817,1818,respectable,positive,nrc,,JJ
1818,1819,respectful,positive,nrc,,NN
1819,1820,respecting,positive,nrc,,VBG
1820,1821,respects,positive,nrc,,NNS
1821,1822,respite,positive,nrc,,NN
1822,1823,resplendent,positive,nrc,,NN
1823,1824,responsible,positive,nrc,,JJ
1824,1825,responsive,positive,nrc,,NN
1825,1826,rest,positive,nrc,,NN
1826,1827,restful,positive,nrc,,NN
1827,1828,restitution,positive,nrc,,NN
1828,1829,restorative,positive,nrc,,NN
1829,1830,restoring,positive,nrc,,VBG
1830,1831,restraint,positive,nrc,,NN
1831,1832,resumption,positive,nrc,,NN
1832,1833,retention,positive,nrc,,NN
1833,1834,retirement,positive,nrc,,NN
1834,1835,reunion,positive,nrc,,NN
1835,1836,revel,positive,nrc,,NN
1836,1837,revels,positive,nrc,,NNS
1837,1838,revere,positive,nrc,,RB
1838,1839,reverence,positive,nrc,,NN
1839,1840,reverend,positive,nrc,,NN
1840,1841,reverie,positive,nrc,,NN
1841,1842,revise,positive,nrc,,NN
1842,1843,revival,positive,nrc,,NN
1843,1844,revive,positive,nrc,,NN
1844,1845,revolution,positive,nrc,,NN
1845,1846,revolutionary,positive,nrc,,JJ
1846,1847,reward,positive,nrc,,NN
1847,1848,rhythm,positive,nrc,,NN
1848,1849,rhythmical,positive,nrc,,JJ
1849,1850,ribbon,positive,nrc,,NN
1850,1851,richness,positive,nrc,,NN
1851,1852,rider,positive,nrc,,NN
1852,1853,righteous,positive,nrc,,JJ
1853,1854,rightful,positive,nrc,,NN
1854,1855,rightly,positive,nrc,,RB
1855,1856,ripe,positive,nrc,,NN
1856,1857,ripen,positive,nrc,,VB
1857,1858,rising,positive,nrc,,VBG
1858,1859,riveting,positive,nrc,,VBG
1859,1860,roadster,positive,nrc,,NN
1860,1861,robust,positive,nrc,,NN
1861,1862,rock,positive,nrc,,NN
1862,1863,rod,positive,nrc,,NN
1863,1864,rollicking,positive,nrc,,VBG
1864,1865,romance,positive,nrc,,NN
1865,1866,romantic,positive,nrc,,JJ
1866,1867,romanticism,positive,nrc,,NN
1867,1868,romp,positive,nrc,,NN
1868,1869,rooted,positive,nrc,,VBN
1869,1870,rosy,positive,nrc,,JJ
1870,1871,rota,positive,nrc,,NN
1871,1872,routine,positive,nrc,,NN
1872,1873,royalty,positive,nrc,,NN
1873,1874,rubric,positive,nrc,,NN
1874,1875,ruth,positive,nrc,,NN
1875,1876,safe,positive,nrc,,JJ
1876,1877,safeguard,positive,nrc,,NN
1877,1878,sage,positive,nrc,,NN
1878,1879,saint,positive,nrc,,NN
1879,1880,saintly,positive,nrc,,RB
1880,1881,salary,positive,nrc,,NN
1881,1882,salient,positive,nrc,,NN
1882,1883,salutary,positive,nrc,,JJ
1883,1884,salute,positive,nrc,,NN
1884,1885,salvation,positive,nrc,,NN
1885,1886,salve,positive,nrc,,NN
1886,1887,samurai,positive,nrc,,NN
1887,1888,sanctification,positive,nrc,,NN
1888,1889,sanctify,positive,nrc,,NN
1889,1890,sanctuary,positive,nrc,,NN
1890,1891,sanguine,positive,nrc,,NN
1891,1892,sanitary,positive,nrc,,JJ
1892,1893,satin,positive,nrc,,NN
1893,1894,satisfactorily,positive,nrc,,RB
1894,1895,satisfied,positive,nrc,,JJ
1895,1896,save,positive,nrc,,VB
1896,1897,savings,positive,nrc,,NNS
1897,1898,savor,positive,nrc,,NN
1898,1899,savory,positive,nrc,,NN
1899,1900,savvy,positive,nrc,,NN
1900,1901,scarecrow,positive,nrc,,NN
1901,1902,scholar,positive,nrc,,NN
1902,1903,scholarship,positive,nrc,,NN
1903,1904,scientific,positive,nrc,,JJ
1904,1905,scientist,positive,nrc,,NN
1905,1906,scintilla,positive,nrc,,NN
1906,1907,score,positive,nrc,,NN
1907,1908,scribe,positive,nrc,,NN
1908,1909,script,positive,nrc,,NN
1909,1910,scrumptious,positive,nrc,,JJ
1910,1911,sculpture,positive,nrc,,NN
1911,1912,sea,positive,nrc,,NN
1912,1913,seal,positive,nrc,,NN
1913,1914,seasoned,positive,nrc,,VBN
1914,1915,seclusion,positive,nrc,,NN
1915,1916,secretariat,positive,nrc,,NN
1916,1917,seniority,positive,nrc,,NN
1917,1918,sensational,positive,nrc,,JJ
1918,1919,sense,positive,nrc,,NN
1919,1920,sensibility,positive,nrc,,NN
1920,1921,sensibly,positive,nrc,,RB
1921,1922,sensual,positive,nrc,,JJ
1922,1923,sensuality,positive,nrc,,NN
1923,1924,sensuous,positive,nrc,,JJ
1924,1925,sentimental,positive,nrc,,NN
1925,1926,sentimentality,positive,nrc,,NN
1926,1927,sentinel,positive,nrc,,NN
1927,1928,serenity,positive,nrc,,NN
1928,1929,sermon,positive,nrc,,NN
1929,1930,serum,positive,nrc,,NN
1930,1931,settlor,positive,nrc,,NN
1931,1932,sex,positive,nrc,,NN
1932,1933,shape,positive,nrc,,NN
1933,1934,shapely,positive,nrc,,RB
1934,1935,share,positive,nrc,,NN
1935,1936,shelter,positive,nrc,,NN
1936,1937,shepherd,positive,nrc,,NN
1937,1938,shine,positive,nrc,,NN
1938,1939,shining,positive,nrc,,VBG
1939,1940,shopping,positive,nrc,,NN
1940,1941,shoulder,positive,nrc,,NN
1941,1942,shrewd,positive,nrc,,NN
1942,1943,silk,positive,nrc,,NN
1943,1944,simplify,positive,nrc,,NN
1944,1945,sincere,positive,nrc,,RB
1945,1946,sincerity,positive,nrc,,NN
1946,1947,sing,positive,nrc,,VBG
1947,1948,singly,positive,nrc,,RB
1948,1949,sir,positive,nrc,,NN
1949,1950,sisterhood,positive,nrc,,NN
1950,1951,skilled,positive,nrc,,VBN
1951,1952,skillful,positive,nrc,,NN
1952,1953,sky,positive,nrc,,NN
1953,1954,slate,positive,nrc,,NN
1954,1955,sleek,positive,nrc,,NN
1955,1956,slender,positive,nrc,,NN
1956,1957,slim,positive,nrc,,NN
1957,1958,smile,positive,nrc,,NN
1958,1959,smiling,positive,nrc,,VBG
1959,1960,smitten,positive,nrc,,NN
1960,1961,smoothness,positive,nrc,,NN
1961,1962,snicker,positive,nrc,,NN
1962,1963,sobriety,positive,nrc,,NN
1963,1964,sociable,positive,nrc,,JJ
1964,1965,solace,positive,nrc,,NN
1965,1966,soldier,positive,nrc,,NN
1966,1967,solid,positive,nrc,,JJ
1967,1968,solidity,positive,nrc,,NN
1968,1969,solution,positive,nrc,,NN
1969,1970,solvency,positive,nrc,,NN
1970,1971,sonar,positive,nrc,,NN
1971,1972,sonata,positive,nrc,,NN
1972,1973,sonnet,positive,nrc,,NN
1973,1974,sonorous,positive,nrc,,JJ
1974,1975,soothe,positive,nrc,,NN
1975,1976,soothing,positive,nrc,,VBG
1976,1977,sorter,positive,nrc,,NN
1977,1978,soundness,positive,nrc,,NN
1978,1979,soup,positive,nrc,,NN
1979,1980,spa,positive,nrc,,NN
1980,1981,spacious,positive,nrc,,JJ
1981,1982,spaniel,positive,nrc,,NN
1982,1983,sparkle,positive,nrc,,NN
1983,1984,special,positive,nrc,,JJ
1984,1985,specie,positive,nrc,,NN
1985,1986,spectacle,positive,nrc,,NN
1986,1987,speech,positive,nrc,,NN
1987,1988,speedy,positive,nrc,,NN
1988,1989,spelling,positive,nrc,,VBG
1989,1990,spice,positive,nrc,,NN
1990,1991,spine,positive,nrc,,NN
1991,1992,spirit,positive,nrc,,NN
1992,1993,spirits,positive,nrc,,NNS
1993,1994,splendid,positive,nrc,,NN
1994,1995,splendor,positive,nrc,,NN
1995,1996,sponsor,positive,nrc,,NN
1996,1997,spotless,positive,nrc,,NN
1997,1998,spouse,positive,nrc,,NN
1998,1999,spruce,positive,nrc,,NN
1999,2000,stable,positive,nrc,,JJ
2000,2001,staccato,positive,nrc,,NN
2001,2002,stainless,positive,nrc,,NN
2002,2003,stallion,positive,nrc,,NN
2003,2004,stalwart,positive,nrc,,NN
2004,2005,stamina,positive,nrc,,NN
2005,2006,standing,positive,nrc,,VBG
2006,2007,star,positive,nrc,,NN
2007,2008,starlight,positive,nrc,,NN
2008,2009,starry,positive,nrc,,NN
2009,2010,stately,positive,nrc,,RB
2010,2011,statement,positive,nrc,,NN
2011,2012,statue,positive,nrc,,NN
2012,2013,status,positive,nrc,,NN
2013,2014,staunch,positive,nrc,,NN
2014,2015,steadfast,positive,nrc,,NN
2015,2016,stellar,positive,nrc,,NN
2016,2017,sterling,positive,nrc,,NN
2017,2018,steward,positive,nrc,,NN
2018,2019,stillness,positive,nrc,,NN
2019,2020,store,positive,nrc,,NN
2020,2021,straightforward,positive,nrc,,NN
2021,2022,strategic,positive,nrc,,JJ
2022,2023,strategist,positive,nrc,,NN
2023,2024,strength,positive,nrc,,NN
2024,2025,strengthen,positive,nrc,,NN
2025,2026,strengthening,positive,nrc,,VBG
2026,2027,striking,positive,nrc,,VBG
2027,2028,strikingly,positive,nrc,,RB
2028,2029,strongly,positive,nrc,,RB
2029,2030,structure,positive,nrc,,NN
2030,2031,stud,positive,nrc,,NN
2031,2032,study,positive,nrc,,NN
2032,2033,sturdy,positive,nrc,,NN
2033,2034,sublimation,positive,nrc,,NN
2034,2035,substance,positive,nrc,,NN
2035,2036,substantive,positive,nrc,,JJ
2036,2037,succeed,positive,nrc,,VB
2037,2038,succeeding,positive,nrc,,VBG
2038,2039,success,positive,nrc,,NN
2039,2040,successful,positive,nrc,,JJ
2040,2041,succinct,positive,nrc,,NN
2041,2042,succulent,positive,nrc,,NN
2042,2043,sufficiency,positive,nrc,,NN
2043,2044,sugar,positive,nrc,,NN
2044,2045,suitable,positive,nrc,,JJ
2045,2046,sultry,positive,nrc,,NN
2046,2047,sun,positive,nrc,,NN
2047,2048,sunny,positive,nrc,,NN
2048,2049,sunset,positive,nrc,,NN
2049,2050,sunshine,positive,nrc,,NN
2050,2051,superb,positive,nrc,,NN
2051,2052,superhuman,positive,nrc,,NN
2052,2053,superior,positive,nrc,,JJ
2053,2054,superiority,positive,nrc,,NN
2054,2055,superman,positive,nrc,,NN
2055,2056,superstar,positive,nrc,,NN
2056,2057,superstition,positive,nrc,,NN
2057,2058,supplication,positive,nrc,,NN
2058,2059,supplies,positive,nrc,,NNS
2059,2060,supply,positive,nrc,,NN
2060,2061,supported,positive,nrc,,VBN
2061,2062,supporter,positive,nrc,,NN
2062,2063,supporting,positive,nrc,,VBG
2063,2064,supremacy,positive,nrc,,NN
2064,2065,supreme,positive,nrc,,NN
2065,2066,supremely,positive,nrc,,RB
2066,2067,surety,positive,nrc,,NN
2067,2068,surmise,positive,nrc,,NN
2068,2069,surpassing,positive,nrc,,VBG
2069,2070,surprise,positive,nrc,,NN
2070,2071,surround,positive,nrc,,NN
2071,2072,surveying,positive,nrc,,VBG
2072,2073,survive,positive,nrc,,NN
2073,2074,swear,positive,nrc,,NN
2074,2075,sweet,positive,nrc,,NN
2075,2076,sweetheart,positive,nrc,,NN
2076,2077,sweetie,positive,nrc,,NN
2077,2078,sweetness,positive,nrc,,NN
2078,2079,sweets,positive,nrc,,NNS
2079,2080,swift,positive,nrc,,NN
2080,2081,swim,positive,nrc,,NN
2081,2082,symbolic,positive,nrc,,NN
2082,2083,symmetrical,positive,nrc,,JJ
2083,2084,symmetry,positive,nrc,,NN
2084,2085,sympathetic,positive,nrc,,JJ
2085,2086,sympathy,positive,nrc,,NN
2086,2087,symphony,positive,nrc,,NN
2087,2088,synchronize,positive,nrc,,VB
2088,2089,synergistic,positive,nrc,,JJ
2089,2090,synod,positive,nrc,,NN
2090,2091,synonymous,positive,nrc,,JJ
2091,2092,tact,positive,nrc,,NN
2092,2093,tale,positive,nrc,,NN
2093,2094,talent,positive,nrc,,NN
2094,2095,talisman,positive,nrc,,NN
2095,2096,talk,positive,nrc,,NN
2096,2097,tanned,positive,nrc,,VBN
2097,2098,tantalizing,positive,nrc,,VBG
2098,2099,task,positive,nrc,,NN
2099,2100,tasteful,positive,nrc,,NN
2100,2101,tasty,positive,nrc,,NN
2101,2102,teach,positive,nrc,,NN
2102,2103,teacher,positive,nrc,,NN
2103,2104,technology,positive,nrc,,NN
2104,2105,teens,positive,nrc,,NNS
2105,2106,temperance,positive,nrc,,NN
2106,2107,tempered,positive,nrc,,VBN
2107,2108,tenable,positive,nrc,,JJ
2108,2109,tenacious,positive,nrc,,JJ
2109,2110,tenacity,positive,nrc,,NN
2110,2111,tenancy,positive,nrc,,NN
2111,2112,tenant,positive,nrc,,NN
2112,2113,tender,positive,nrc,,NN
2113,2114,tenderness,positive,nrc,,NN
2114,2115,thankful,positive,nrc,,NN
2115,2116,thanksgiving,positive,nrc,,VBG
2116,2117,theoretical,positive,nrc,,JJ
2117,2118,therapeutic,positive,nrc,,JJ
2118,2119,therapeutics,positive,nrc,,NNS
2119,2120,thinker,positive,nrc,,NN
2120,2121,thoroughbred,positive,nrc,,JJ
2121,2122,thoughtful,positive,nrc,,JJ
2122,2123,thoughtfulness,positive,nrc,,NN
2123,2124,thrift,positive,nrc,,NN
2124,2125,thrill,positive,nrc,,NN
2125,2126,thrilling,positive,nrc,,VBG
2126,2127,thriving,positive,nrc,,VBG
2127,2128,throne,positive,nrc,,NN
2128,2129,tickle,positive,nrc,,NN
2129,2130,tiling,positive,nrc,,VBG
2130,2131,timely,positive,nrc,,RB
2131,2132,tinsel,positive,nrc,,NN
2132,2133,title,positive,nrc,,NN
2133,2134,toast,positive,nrc,,NN
2134,2135,tolerant,positive,nrc,,NN
2135,2136,toleration,positive,nrc,,NN
2136,2137,top,positive,nrc,,NN
2137,2138,toughness,positive,nrc,,NN
2138,2139,tower,positive,nrc,,NN
2139,2140,towering,positive,nrc,,VBG
2140,2141,traditional,positive,nrc,,JJ
2141,2142,tranquil,positive,nrc,,NN
2142,2143,tranquility,positive,nrc,,NN
2143,2144,transcendence,positive,nrc,,NN
2144,2145,transcendental,positive,nrc,,NN
2145,2146,traveling,positive,nrc,,VBG
2146,2147,treasure,positive,nrc,,NN
2147,2148,treat,positive,nrc,,NN
2148,2149,tree,positive,nrc,,NN
2149,2150,tremendously,positive,nrc,,RB
2150,2151,trend,positive,nrc,,NN
2151,2152,trendy,positive,nrc,,NN
2152,2153,tributary,positive,nrc,,JJ
2153,2154,tribute,positive,nrc,,NN
2154,2155,trig,positive,nrc,,NN
2155,2156,triumph,positive,nrc,,NN
2156,2157,triumphant,positive,nrc,,NN
2157,2158,trophy,positive,nrc,,NN
2158,2159,truce,positive,nrc,,NN
2159,2160,true,positive,nrc,,JJ
2160,2161,trusty,positive,nrc,,NN
2161,2162,truth,positive,nrc,,NN
2162,2163,truthfulness,positive,nrc,,NN
2163,2164,tutelage,positive,nrc,,NN
2164,2165,tutor,positive,nrc,,NN
2165,2166,twin,positive,nrc,,NN
2166,2167,twinkle,positive,nrc,,NN
2167,2168,ultimately,positive,nrc,,RB
2168,2169,umpire,positive,nrc,,NN
2169,2170,unanimity,positive,nrc,,NN
2170,2171,unanimous,positive,nrc,,JJ
2171,2172,unassuming,positive,nrc,,VBG
2172,2173,unbeaten,positive,nrc,,JJ
2173,2174,unbiased,positive,nrc,,JJ
2174,2175,unbreakable,positive,nrc,,JJ
2175,2176,unbridled,positive,nrc,,JJ
2176,2177,unbroken,positive,nrc,,JJ
2177,2178,unconstrained,positive,nrc,,JJ
2178,2179,underline,positive,nrc,,NN
2179,2180,understanding,positive,nrc,,VBG
2180,2181,underwrite,positive,nrc,,JJ
2181,2182,undivided,positive,nrc,,JJ
2182,2183,undying,positive,nrc,,VBG
2183,2184,unequivocally,positive,nrc,,RB
2184,2185,unexpected,positive,nrc,,JJ
2185,2186,unfold,positive,nrc,,JJ
2186,2187,unification,positive,nrc,,NN
2187,2188,uniformly,positive,nrc,,RB
2188,2189,unimaginable,positive,nrc,,JJ
2189,2190,uninfected,positive,nrc,,JJ
2190,2191,unique,positive,nrc,,NN
2191,2192,unison,positive,nrc,,NN
2192,2193,unitary,positive,nrc,,JJ
2193,2194,united,positive,nrc,,JJ
2194,2195,unity,positive,nrc,,NN
2195,2196,university,positive,nrc,,NN
2196,2197,unlimited,positive,nrc,,JJ
2197,2198,unpretentious,positive,nrc,,JJ
2198,2199,unquestionable,positive,nrc,,JJ
2199,2200,unquestionably,positive,nrc,,RB
2200,2201,unquestioned,positive,nrc,,JJ
2201,2202,unscathed,positive,nrc,,JJ
2202,2203,unselfish,positive,nrc,,JJ
2203,2204,unsurpassed,positive,nrc,,JJ
2204,2205,untie,positive,nrc,,NN
2205,2206,unwavering,positive,nrc,,VBG
2206,2207,uphill,positive,nrc,,NN
2207,2208,uplift,positive,nrc,,NN
2208,2209,upright,positive,nrc,,JJ
2209,2210,usefulness,positive,nrc,,NN
2210,2211,usher,positive,nrc,,NN
2211,2212,usual,positive,nrc,,JJ
2212,2213,utility,positive,nrc,,NN
2213,2214,utopian,positive,nrc,,JJ
2214,2215,vacation,positive,nrc,,NN
2215,2216,vaccine,positive,nrc,,NN
2216,2217,valiant,positive,nrc,,NN
2217,2218,valor,positive,nrc,,NN
2218,2219,valuable,positive,nrc,,JJ
2219,2220,vanguard,positive,nrc,,NN
2220,2221,vanquish,positive,nrc,,NN
2221,2222,velvet,positive,nrc,,NN
2222,2223,velvety,positive,nrc,,NN
2223,2224,venerable,positive,nrc,,JJ
2224,2225,veneration,positive,nrc,,NN
2225,2226,veracity,positive,nrc,,NN
2226,2227,verdant,positive,nrc,,NN
2227,2228,verification,positive,nrc,,NN
2228,2229,verified,positive,nrc,,VBN
2229,2230,verily,positive,nrc,,RB
2230,2231,veritable,positive,nrc,,JJ
2231,2232,vernal,positive,nrc,,JJ
2232,2233,verve,positive,nrc,,NN
2233,2234,veteran,positive,nrc,,NN
2234,2235,vicar,positive,nrc,,NN
2235,2236,victor,positive,nrc,,NN
2236,2237,victorious,positive,nrc,,JJ
2237,2238,victory,positive,nrc,,NN
2238,2239,vigilance,positive,nrc,,NN
2239,2240,vigilant,positive,nrc,,NN
2240,2241,vigor,positive,nrc,,NN
2241,2242,vigorous,positive,nrc,,JJ
2242,2243,villager,positive,nrc,,NN
2243,2244,vindicated,positive,nrc,,VBN
2244,2245,vindication,positive,nrc,,NN
2245,2246,virgin,positive,nrc,,NN
2246,2247,virginity,positive,nrc,,NN
2247,2248,virtue,positive,nrc,,NN
2248,2249,virtuous,positive,nrc,,JJ
2249,2250,vision,positive,nrc,,NN
2250,2251,visionary,positive,nrc,,JJ
2251,2252,visit,positive,nrc,,NN
2252,2253,visitor,positive,nrc,,NN
2253,2254,vital,positive,nrc,,NN
2254,2255,vitality,positive,nrc,,NN
2255,2256,vivacious,positive,nrc,,JJ
2256,2257,vivid,positive,nrc,,NN
2257,2258,vocabulary,positive,nrc,,JJ
2258,2259,volunteer,positive,nrc,,NN
2259,2260,voluptuous,positive,nrc,,JJ
2260,2261,vote,positive,nrc,,NN
2261,2262,vouch,positive,nrc,,JJ
2262,2263,vow,positive,nrc,,NN
2263,2264,wages,positive,nrc,,NNS
2264,2265,warranty,positive,nrc,,NN
2265,2266,warrior,positive,nrc,,NN
2266,2267,watchdog,positive,nrc,,NN
2267,2268,watchful,positive,nrc,,NN
2268,2269,watchman,positive,nrc,,NN
2269,2270,waterproof,positive,nrc,,NN
2270,2271,wealth,positive,nrc,,NN
2271,2272,weatherproof,positive,nrc,,NN
2272,2273,weight,positive,nrc,,NN
2273,2274,welcomed,positive,nrc,,VBD
2274,2275,white,positive,nrc,,JJ
2275,2276,whiteness,positive,nrc,,NN
2276,2277,wholesome,positive,nrc,,NN
2277,2278,wicket,positive,nrc,,NN
2278,2279,widespread,positive,nrc,,JJ
2279,2280,willingly,positive,nrc,,RB
2280,2281,willingness,positive,nrc,,NN
2281,2282,windfall,positive,nrc,,NN
2282,2283,winner,positive,nrc,,NN
2283,2284,winning,positive,nrc,,VBG
2284,2285,winnings,positive,nrc,,NNS
2285,2286,wireless,positive,nrc,,NN
2286,2287,wis,positive,nrc,,NN
2287,2288,wisdom,positive,nrc,,NN
2288,2289,wise,positive,nrc,,NN
2289,2290,wit,positive,nrc,,NN
2290,2291,withstand,positive,nrc,,NN
2291,2292,wits,positive,nrc,,NNS
2292,2293,witty,positive,nrc,,NN
2293,2294,wizard,positive,nrc,,NN
2294,2295,womb,positive,nrc,,NN
2295,2296,wonderful,positive,nrc,,NN
2296,2297,wonderfully,positive,nrc,,RB
2297,2298,wondrous,positive,nrc,,JJ
2298,2299,word,positive,nrc,,NN
2299,2300,working,positive,nrc,,VBG
2300,2301,worship,positive,nrc,,NN
2301,2302,worth,positive,nrc,,NN
2302,2303,worthy,positive,nrc,,NN
2303,2304,wot,positive,nrc,,NN
2304,2305,writer,positive,nrc,,NN
2305,2306,yearning,positive,nrc,,VBG
2306,2307,young,positive,nrc,,JJ
2307,2308,younger,positive,nrc,,JJR
2308,2309,youth,positive,nrc,,NN
2309,2310,zeal,positive,nrc,,NN
2310,2311,zealous,positive,nrc,,JJ
2311,2312,zest,positive,nrc,,NN
